mode,year,route,delay_minutes,incidents,zero_minute_incidents
bus,2014,1,1084.0,126,0
bus,2014,10,1349.0,105,2
bus,2014,100,12979.0,1182,5
bus,2014,101,224.0,20,2
bus,2014,102,21265.0,1426,6
bus,2014,103,2170.0,105,3
bus,2014,104,3536.0,248,5
bus,2014,105,6640.0,354,13
bus,2014,106,8556.0,745,4
bus,2014,107,15417.0,693,22
bus,2014,108,7392.0,558,8
bus,2014,109,7123.0,430,2
bus,2014,11,14193.0,865,4
bus,2014,110,6495.0,377,3
bus,2014,111,4185.0,301,3
bus,2014,112,6041.0,361,4
bus,2014,113,3800.0,195,1
bus,2014,115,2421.0,131,2
bus,2014,116,17236.0,1679,12
bus,2014,117,2761.0,174,2
bus,2014,12,9566.0,601,4
bus,2014,120,5292.0,182,1
bus,2014,122,4882.0,334,3
bus,2014,123,5309.0,268,3
bus,2014,124,3001.0,333,0
bus,2014,125,2325.0,173,5
bus,2014,126,3009.0,188,2
bus,2014,127,3639.0,190,5
bus,2014,129,8884.0,674,8
bus,2014,13,6.0,1,0
bus,2014,130,2687.0,113,3
bus,2014,131,7518.0,464,3
bus,2014,132,2865.0,154,4
bus,2014,133,6653.0,446,4
bus,2014,134,5497.0,366,3
bus,2014,135,1441.0,82,0
bus,2014,136,18.0,1,0
bus,2014,139,3135.0,144,1
bus,2014,14,5752.0,171,3
bus,2014,140,3.0,1,0
bus,2014,141,1897.0,56,3
bus,2014,142,3860.0,145,15
bus,2014,143,2608.0,168,3
bus,2014,144,2249.0,119,4
bus,2014,145,3125.0,89,2
bus,2014,15,2201.0,124,3
bus,2014,156,9.0,1,0
bus,2014,16,4696.0,390,3
bus,2014,160,9139.0,485,3
bus,2014,161,7174.0,465,3
bus,2014,162,1819.0,87,1
bus,2014,165,24538.0,1745,7
bus,2014,167,1974.0,89,1
bus,2014,168,7710.0,679,13
bus,2014,169,3346.0,122,3
bus,2014,17,6112.0,472,2
bus,2014,171,256.0,14,0
bus,2014,172,4425.0,247,5
bus,2014,174,6.0,1,0
bus,2014,175,20.0,2,1
bus,2014,18,20.0,2,1
bus,2014,186,2.0,1,0
bus,2014,19,25.0,3,0
bus,2014,190,5812.0,642,3
bus,2014,191,11539.0,1218,5
bus,2014,192,3753.0,301,3
bus,2014,193,478.0,15,0
bus,2014,194,14.0,1,0
bus,2014,195,7333.0,589,7
bus,2014,196,15317.0,3072,12
bus,2014,197,10.0,1,0
bus,2014,198,1421.0,114,2
bus,2014,199,11688.0,1616,11
bus,2014,2,99.0,7,0
bus,2014,20,5280.0,305,3
bus,2014,21,6227.0,448,5
bus,2014,211,12.0,1,0
bus,2014,22,2967.0,258,3
bus,2014,224,2793.0,123,6
bus,2014,23,3563.0,400,1
bus,2014,230,7.0,1,0
bus,2014,24,14218.0,1273,0
bus,2014,25,13981.0,1871,20
bus,2014,254,10.0,1,0
bus,2014,26,7356.0,349,12
bus,2014,27,6.0,2,0
bus,2014,28,1548.0,79,0
bus,2014,29,28658.0,3874,14
bus,2014,291,5.0,1,0
bus,2014,296,2.0,1,0
bus,2014,299,7.0,2,0
bus,2014,3,78.0,10,0
bus,2014,30,4380.0,135,3
bus,2014,300,7090.0,376,10
bus,2014,302,711.0,28,2
bus,2014,303,1451.0,43,2
bus,2014,305,1282.0,36,0
bus,2014,307,817.0,34,1
bus,2014,308,683.0,19,1
bus,2014,309,1000.0,27,1
bus,2014,31,983.0,77,0
bus,2014,310,1543.0,68,0
bus,2014,311,593.0,26,0
bus,2014,312,417.0,14,0
bus,2014,313,609.0,24,0
bus,2014,316,429.0,14,0
bus,2014,319,980.0,38,0
bus,2014,32,21139.0,1813,12
bus,2014,320,3370.0,451,2
bus,2014,321,1269.0,39,1
bus,2014,322,486.0,18,0
bus,2014,324,593.0,21,0
bus,2014,329,1116.0,28,0
bus,2014,33,1997.0,142,0
bus,2014,34,12192.0,1305,9
bus,2014,35,24294.0,2221,29
bus,2014,352,61.0,3,0
bus,2014,353,240.0,8,0
bus,2014,354,1061.0,33,0
bus,2014,36,25155.0,3103,6
bus,2014,37,17469.0,1330,6
bus,2014,38,5729.0,416,1
bus,2014,385,475.0,21,1
bus,2014,39,15209.0,1730,7
bus,2014,4,77.0,7,0
bus,2014,40,3715.0,324,2
bus,2014,409,16.0,1,0
bus,2014,41,18963.0,1362,10
bus,2014,414,19.0,1,0
bus,2014,42,12400.0,882,13
bus,2014,43,8236.0,562,5
bus,2014,44,3852.0,482,3
bus,2014,45,12236.0,1029,8
bus,2014,454,10.0,1,0
bus,2014,46,7879.0,566,5
bus,2014,47,17198.0,955,8
bus,2014,48,2604.0,131,1
bus,2014,49,1770.0,129,2
bus,2014,5,7068.0,291,1
bus,2014,50,2333.0,129,2
bus,2014,501,1650.0,170,1
bus,2014,504,2.0,2,0
bus,2014,505,10.0,1,0
bus,2014,509,4.0,2,1
bus,2014,51,12574.0,601,4
bus,2014,510,7.0,3,0
bus,2014,511,0.0,2,2
bus,2014,52,22474.0,1672,13
bus,2014,520,5.0,1,0
bus,2014,53,19271.0,2114,31
bus,2014,532,1.0,1,0
bus,2014,54,27101.0,2160,15
bus,2014,543,9.0,1,0
bus,2014,55,1754.0,70,3
bus,2014,56,6037.0,299,1
bus,2014,57,6341.0,588,4
bus,2014,58,4252.0,288,1
bus,2014,59,9325.0,516,3
bus,2014,6,12759.0,989,20
bus,2014,60,32042.0,2970,23
bus,2014,602,7.0,1,0
bus,2014,609,2.0,2,0
bus,2014,61,5013.0,328,2
bus,2014,62,2013.0,114,1
bus,2014,63,19637.0,1198,10
bus,2014,64,3393.0,305,0
bus,2014,65,3517.0,240,2
bus,2014,66,4054.0,211,0
bus,2014,67,4216.0,310,6
bus,2014,68,11505.0,899,7
bus,2014,686,16.0,1,0
bus,2014,687,10.0,1,0
bus,2014,69,2118.0,144,0
bus,2014,7,17777.0,1681,9
bus,2014,70,7515.0,408,7
bus,2014,701,31.0,3,1
bus,2014,702,30.0,1,0
bus,2014,704,5.0,1,0
bus,2014,708,5.0,1,0
bus,2014,709,1488.0,549,100
bus,2014,71,4841.0,237,3
bus,2014,72,4869.0,418,1
bus,2014,73,6600.0,343,2
bus,2014,74,1096.0,71,0
bus,2014,75,5630.0,502,3
bus,2014,751,34.0,12,3
bus,2014,752,8.0,8,0
bus,2014,754,207.0,80,49
bus,2014,756,10.0,22,12
bus,2014,757,10.0,17,7
bus,2014,759,12.0,5,0
bus,2014,76,5659.0,500,5
bus,2014,760,22.0,13,0
bus,2014,77,1968.0,94,1
bus,2014,771,11.0,12,1
bus,2014,772,1.0,1,0
bus,2014,773,19.0,16,1
bus,2014,774,15.0,7,0
bus,2014,776,10.0,1,0
bus,2014,777,1.0,1,0
bus,2014,779,5.0,5,0
bus,2014,78,2228.0,145,5
bus,2014,780,57.0,59,12
bus,2014,79,8549.0,621,12
bus,2014,8,1028.0,45,0
bus,2014,80,3490.0,134,9
bus,2014,801,34.0,12,1
bus,2014,802,20.0,24,4
bus,2014,804,4.0,3,0
bus,2014,805,0.0,2,2
bus,2014,806,3.0,7,4
bus,2014,807,111.0,58,4
bus,2014,809,8.0,8,0
bus,2014,81,4326.0,461,2
bus,2014,810,22.0,24,2
bus,2014,82,628.0,47,3
bus,2014,83,2788.0,142,0
bus,2014,84,16341.0,1270,4
bus,2014,85,18092.0,1614,6
bus,2014,86,16500.0,1380,8
bus,2014,87,6949.0,667,6
bus,2014,88,6548.0,418,5
bus,2014,89,12925.0,1090,5
bus,2014,9,3544.0,233,2
bus,2014,90,4765.0,577,0
bus,2014,901,3.0,3,0
bus,2014,902,2.0,2,0
bus,2014,904,1.0,1,0
bus,2014,907,0.0,2,2
bus,2014,909,3.0,3,0
bus,2014,91,5625.0,319,2
bus,2014,910,1.0,1,0
bus,2014,92,2996.0,305,2
bus,2014,93,304.0,4,0
bus,2014,94,14807.0,466,6
bus,2014,95,20754.0,1866,12
bus,2014,96,40523.0,2281,5
bus,2014,97,18271.0,655,5
bus,2014,98,4603.0,185,3
bus,2014,99,291.0,17,1
bus,2015,1,529.0,99,1
bus,2015,10,1576.0,119,4
bus,2015,100,12362.0,1093,7
bus,2015,101,514.0,30,1
bus,2015,102,18346.0,1165,10
bus,2015,103,2729.0,96,0
bus,2015,104,3932.0,246,5
bus,2015,105,6450.0,318,8
bus,2015,106,7857.0,695,6
bus,2015,107,8861.0,431,8
bus,2015,108,5814.0,438,0
bus,2015,109,7271.0,381,4
bus,2015,11,11869.0,708,9
bus,2015,110,4804.0,285,5
bus,2015,111,4328.0,247,5
bus,2015,112,4908.0,268,5
bus,2015,113,3067.0,140,4
bus,2015,114,10.0,1,0
bus,2015,115,2778.0,122,0
bus,2015,116,14262.0,1226,5
bus,2015,117,1968.0,109,0
bus,2015,119,23.0,1,0
bus,2015,12,8020.0,505,4
bus,2015,120,3207.0,126,0
bus,2015,121,6.0,2,0
bus,2015,122,5591.0,302,1
bus,2015,123,5187.0,245,2
bus,2015,124,3085.0,307,2
bus,2015,125,2466.0,164,3
bus,2015,126,2640.0,128,1
bus,2015,127,3517.0,152,5
bus,2015,128,28.0,1,0
bus,2015,129,7558.0,628,13
bus,2015,13,22.0,2,0
bus,2015,130,2850.0,136,0
bus,2015,131,5594.0,436,5
bus,2015,132,3063.0,141,1
bus,2015,133,4460.0,438,5
bus,2015,134,4653.0,292,3
bus,2015,135,935.0,47,0
bus,2015,139,2657.0,119,0
bus,2015,14,4194.0,159,3
bus,2015,141,1372.0,49,2
bus,2015,142,3345.0,119,2
bus,2015,143,1685.0,70,1
bus,2015,144,1177.0,91,6
bus,2015,145,2929.0,71,0
bus,2015,15,2642.0,136,6
bus,2015,16,4103.0,315,1
bus,2015,160,4756.0,217,3
bus,2015,161,5625.0,375,14
bus,2015,162,1530.0,59,5
bus,2015,163,17.0,2,0
bus,2015,165,18142.0,1233,7
bus,2015,167,1232.0,51,1
bus,2015,168,5769.0,556,8
bus,2015,169,4171.0,140,3
bus,2015,17,6761.0,417,2
bus,2015,171,535.0,16,0
bus,2015,172,4546.0,248,3
bus,2015,173,17.0,2,0
bus,2015,179,19.0,1,0
bus,2015,18,12.0,2,0
bus,2015,19,28.0,5,0
bus,2015,190,4697.0,481,3
bus,2015,191,10967.0,963,5
bus,2015,192,3437.0,324,5
bus,2015,193,282.0,8,0
bus,2015,194,169.0,17,0
bus,2015,195,8951.0,727,1
bus,2015,196,13811.0,2597,6
bus,2015,197,46.0,2,0
bus,2015,198,3896.0,293,1
bus,2015,199,11823.0,1743,9
bus,2015,2,26.0,4,0
bus,2015,20,3058.0,149,0
bus,2015,21,5395.0,349,3
bus,2015,22,2850.0,235,1
bus,2015,221,10.0,1,0
bus,2015,224,2858.0,157,4
bus,2015,23,3606.0,250,0
bus,2015,24,11394.0,978,13
bus,2015,25,10857.0,1576,12
bus,2015,252,5.0,1,0
bus,2015,26,6299.0,278,8
bus,2015,27,31.0,3,0
bus,2015,28,556.0,13,1
bus,2015,29,20057.0,2080,16
bus,2015,296,44.0,1,0
bus,2015,3,66.0,6,0
bus,2015,30,3083.0,127,5
bus,2015,300,6993.0,333,6
bus,2015,302,699.0,24,0
bus,2015,303,464.0,15,0
bus,2015,305,895.0,34,1
bus,2015,307,463.0,18,0
bus,2015,308,284.0,8,0
bus,2015,309,575.0,23,0
bus,2015,31,951.0,61,1
bus,2015,310,1974.0,63,0
bus,2015,311,831.0,25,0
bus,2015,312,591.0,19,0
bus,2015,313,575.0,14,1
bus,2015,315,202.0,2,0
bus,2015,316,335.0,12,0
bus,2015,319,691.0,24,0
bus,2015,32,18529.0,1637,10
bus,2015,320,7158.0,435,5
bus,2015,321,785.0,29,1
bus,2015,322,525.0,19,0
bus,2015,324,658.0,22,0
bus,2015,325,135.0,8,0
bus,2015,329,976.0,23,1
bus,2015,33,1267.0,56,2
bus,2015,332,678.0,10,0
bus,2015,334,378.0,12,1
bus,2015,335,60.0,2,0
bus,2015,336,375.0,9,0
bus,2015,337,120.0,4,0
bus,2015,339,231.0,8,0
bus,2015,34,10685.0,1164,7
bus,2015,341,142.0,3,0
bus,2015,343,105.0,4,0
bus,2015,35,16498.0,1445,2
bus,2015,352,450.0,16,0
bus,2015,353,642.0,22,0
bus,2015,354,1059.0,36,0
bus,2015,36,16712.0,1634,7
bus,2015,363,32.0,2,0
bus,2015,365,18.0,2,0
bus,2015,37,11119.0,662,16
bus,2015,38,4704.0,390,1
bus,2015,385,529.0,12,0
bus,2015,39,14588.0,1506,5
bus,2015,395,165.0,7,0
bus,2015,396,100.0,5,1
bus,2015,4,42.0,5,1
bus,2015,40,2564.0,256,4
bus,2015,401,29.0,2,0
bus,2015,406,15.0,1,0
bus,2015,41,16353.0,1179,23
bus,2015,414,30.0,1,0
bus,2015,42,12580.0,811,10
bus,2015,43,8309.0,624,4
bus,2015,44,3748.0,474,2
bus,2015,45,9370.0,832,7
bus,2015,46,6991.0,434,4
bus,2015,467,15.0,1,0
bus,2015,47,14161.0,796,22
bus,2015,471,10.0,1,0
bus,2015,48,1722.0,111,3
bus,2015,49,1303.0,112,2
bus,2015,496,5.0,1,0
bus,2015,498,10.0,1,0
bus,2015,5,6363.0,260,5
bus,2015,50,2170.0,115,0
bus,2015,501,2.0,2,0
bus,2015,502,93.0,96,3
bus,2015,503,74.0,13,0
bus,2015,504,11.0,17,10
bus,2015,506,5.0,1,0
bus,2015,51,9796.0,465,2
bus,2015,510,5.0,3,0
bus,2015,511,1.0,1,0
bus,2015,52,28042.0,1863,16
bus,2015,53,17945.0,1784,36
bus,2015,531,9.0,1,0
bus,2015,54,21363.0,1862,10
bus,2015,543,1.0,1,0
bus,2015,55,982.0,48,3
bus,2015,553,3.0,3,0
bus,2015,56,5536.0,250,2
bus,2015,57,5923.0,466,3
bus,2015,58,15.0,1,0
bus,2015,59,6394.0,358,3
bus,2015,6,10859.0,734,12
bus,2015,60,20564.0,1882,4
bus,2015,601,1.0,1,0
bus,2015,61,4397.0,281,2
bus,2015,610,1.0,1,0
bus,2015,62,2175.0,136,3
bus,2015,63,9597.0,1003,16
bus,2015,64,2170.0,180,2
bus,2015,65,2134.0,140,1
bus,2015,66,2823.0,173,1
bus,2015,67,3580.0,208,2
bus,2015,68,9222.0,708,7
bus,2015,69,1249.0,90,0
bus,2015,7,15201.0,1287,9
bus,2015,70,5321.0,319,5
bus,2015,701,12.0,12,0
bus,2015,706,2.0,2,0
bus,2015,708,5.0,1,0
bus,2015,709,1722.0,671,15
bus,2015,71,4108.0,198,7
bus,2015,710,2.0,2,0
bus,2015,711,1.0,1,0
bus,2015,72,3917.0,307,3
bus,2015,73,8481.0,369,5
bus,2015,734,30.0,1,0
bus,2015,74,2183.0,103,2
bus,2015,75,5773.0,431,6
bus,2015,750,29.0,1,0
bus,2015,751,3.0,3,0
bus,2015,752,11.0,14,3
bus,2015,754,3.0,2,0
bus,2015,756,15.0,18,3
bus,2015,757,21.0,12,0
bus,2015,759,6.0,1,0
bus,2015,76,4703.0,444,2
bus,2015,760,4.0,4,0
bus,2015,768,5.0,1,0
bus,2015,77,1396.0,75,2
bus,2015,770,11.0,1,0
bus,2015,771,402.0,112,8
bus,2015,772,1.0,1,0
bus,2015,773,56.0,48,0
bus,2015,774,121.0,16,1
bus,2015,776,6.0,1,0
bus,2015,777,1.0,1,0
bus,2015,779,73.0,25,0
bus,2015,78,1865.0,99,1
bus,2015,780,78.0,82,4
bus,2015,79,8013.0,546,17
bus,2015,792,8.0,1,0
bus,2015,8,1252.0,76,1
bus,2015,80,3587.0,131,0
bus,2015,801,340.0,212,2
bus,2015,802,18.0,18,0
bus,2015,804,76.0,41,1
bus,2015,805,2.0,1,0
bus,2015,806,0.0,1,1
bus,2015,807,154.0,114,3
bus,2015,809,15.0,8,0
bus,2015,81,2954.0,275,1
bus,2015,810,20.0,20,0
bus,2015,816,2.0,1,0
bus,2015,82,811.0,46,5
bus,2015,820,9.0,1,0
bus,2015,83,2228.0,108,2
bus,2015,84,10759.0,960,6
bus,2015,841,13.0,1,0
bus,2015,85,19611.0,1506,5
bus,2015,86,13452.0,1115,7
bus,2015,869,30.0,1,0
bus,2015,87,6323.0,639,4
bus,2015,88,5774.0,373,0
bus,2015,89,10119.0,878,23
bus,2015,9,2659.0,169,0
bus,2015,90,5484.0,597,5
bus,2015,904,2.0,1,0
bus,2015,906,1.0,1,0
bus,2015,907,1.0,1,0
bus,2015,909,1.0,1,0
bus,2015,91,5605.0,292,7
bus,2015,92,2351.0,211,5
bus,2015,94,6587.0,464,6
bus,2015,942,10.0,1,0
bus,2015,95,17244.0,1685,31
bus,2015,96,26302.0,1341,5
bus,2015,97,20032.0,588,6
bus,2015,975,30.0,1,0
bus,2015,98,5126.0,239,6
bus,2015,989,30.0,1,0
bus,2015,99,233.0,13,0
bus,2016,1,71.0,19,0
bus,2016,10,1392.0,98,0
bus,2016,100,9965.0,1033,4
bus,2016,101,1055.0,50,0
bus,2016,102,26873.0,1957,3
bus,2016,103,2938.0,79,2
bus,2016,104,3379.0,174,2
bus,2016,105,6122.0,236,2
bus,2016,106,6074.0,487,0
bus,2016,107,7422.0,291,9
bus,2016,108,4695.0,310,1
bus,2016,109,7099.0,325,1
bus,2016,11,13448.0,851,7
bus,2016,110,4383.0,214,2
bus,2016,111,2841.0,187,2
bus,2016,112,3934.0,212,5
bus,2016,113,4314.0,183,0
bus,2016,114,22.0,2,0
bus,2016,115,3024.0,134,2
bus,2016,116,13312.0,1175,0
bus,2016,117,2176.0,130,0
bus,2016,118,1919.0,74,0
bus,2016,119,422.0,24,0
bus,2016,12,11583.0,645,1
bus,2016,120,2262.0,73,2
bus,2016,121,8009.0,372,6
bus,2016,122,5818.0,295,2
bus,2016,123,4375.0,205,2
bus,2016,124,3276.0,363,1
bus,2016,125,2340.0,187,1
bus,2016,126,2439.0,124,3
bus,2016,127,3703.0,151,1
bus,2016,129,7690.0,520,4
bus,2016,13,551.0,28,1
bus,2016,130,2984.0,91,0
bus,2016,131,5853.0,437,3
bus,2016,132,2919.0,120,0
bus,2016,133,5647.0,448,6
bus,2016,134,5916.0,352,2
bus,2016,135,1368.0,74,0
bus,2016,136,12.0,1,0
bus,2016,139,431.0,24,1
bus,2016,14,2923.0,150,2
bus,2016,141,891.0,56,2
bus,2016,142,2774.0,131,5
bus,2016,143,3136.0,143,0
bus,2016,144,2078.0,143,2
bus,2016,145,3056.0,124,1
bus,2016,147,20.0,1,0
bus,2016,15,2307.0,90,0
bus,2016,155,4.0,1,0
bus,2016,16,5477.0,456,2
bus,2016,160,4594.0,181,0
bus,2016,161,6862.0,363,5
bus,2016,162,2823.0,73,3
bus,2016,164,16.0,1,0
bus,2016,165,11117.0,693,3
bus,2016,167,2032.0,76,0
bus,2016,168,5581.0,445,4
bus,2016,169,5416.0,174,1
bus,2016,17,9571.0,596,3
bus,2016,170,6.0,1,0
bus,2016,171,1115.0,22,1
bus,2016,172,1421.0,58,1
bus,2016,178,8.0,1,0
bus,2016,18,21.0,2,0
bus,2016,184,10.0,1,0
bus,2016,185,6728.0,642,2
bus,2016,186,2874.0,241,0
bus,2016,188,1191.0,116,1
bus,2016,189,28.0,3,0
bus,2016,19,44.0,5,0
bus,2016,190,5454.0,464,2
bus,2016,191,7501.0,722,1
bus,2016,192,2426.0,237,0
bus,2016,193,43.0,5,0
bus,2016,194,10.0,1,0
bus,2016,195,7796.0,582,2
bus,2016,196,13122.0,1966,0
bus,2016,197,12.0,3,0
bus,2016,198,4356.0,330,1
bus,2016,199,17840.0,1837,3
bus,2016,2,40.0,5,0
bus,2016,20,4975.0,303,0
bus,2016,21,7257.0,420,1
bus,2016,22,2906.0,232,1
bus,2016,222,10.0,1,0
bus,2016,224,1639.0,60,0
bus,2016,23,4479.0,388,1
bus,2016,24,19028.0,1664,5
bus,2016,25,11211.0,1241,4
bus,2016,252,3.0,1,0
bus,2016,258,4.0,1,0
bus,2016,26,5701.0,215,3
bus,2016,27,15.0,2,0
bus,2016,28,1829.0,71,0
bus,2016,29,19801.0,2385,13
bus,2016,298,4.0,1,0
bus,2016,3,39.0,3,0
bus,2016,30,2733.0,119,1
bus,2016,300,9579.0,365,1
bus,2016,302,997.0,24,0
bus,2016,306,557.0,29,0
bus,2016,307,794.0,18,0
bus,2016,31,1059.0,72,1
bus,2016,310,2857.0,57,0
bus,2016,312,520.0,15,0
bus,2016,315,263.0,12,0
bus,2016,32,19009.0,1686,19
bus,2016,320,4844.0,518,2
bus,2016,322,905.0,21,0
bus,2016,324,657.0,20,0
bus,2016,325,1025.0,30,0
bus,2016,329,2179.0,36,0
bus,2016,33,2614.0,110,0
bus,2016,332,1838.0,29,1
bus,2016,334,2115.0,49,2
bus,2016,335,553.0,23,0
bus,2016,336,994.0,29,0
bus,2016,337,803.0,20,0
bus,2016,339,410.0,12,1
bus,2016,34,10529.0,1209,9
bus,2016,341,453.0,18,0
bus,2016,343,378.0,11,0
bus,2016,35,14304.0,1202,4
bus,2016,352,825.0,20,1
bus,2016,353,845.0,29,1
bus,2016,354,1719.0,22,2
bus,2016,36,14658.0,1373,3
bus,2016,360,3.0,1,0
bus,2016,363,630.0,15,0
bus,2016,365,415.0,5,0
bus,2016,37,10729.0,518,5
bus,2016,374,7.0,1,0
bus,2016,38,6059.0,431,4
bus,2016,384,448.0,12,0
bus,2016,385,335.0,15,0
bus,2016,39,15487.0,1297,4
bus,2016,395,1300.0,40,1
bus,2016,396,838.0,28,1
bus,2016,4,112.0,2,0
bus,2016,40,2766.0,220,3
bus,2016,400,15.0,1,0
bus,2016,41,17545.0,1120,11
bus,2016,42,12154.0,662,2
bus,2016,43,7635.0,618,4
bus,2016,44,3287.0,380,1
bus,2016,45,7925.0,675,4
bus,2016,46,4872.0,272,0
bus,2016,47,14966.0,748,9
bus,2016,48,2058.0,105,5
bus,2016,49,1334.0,82,0
bus,2016,5,7473.0,254,3
bus,2016,50,1737.0,100,1
bus,2016,501,3.0,3,0
bus,2016,502,26.0,4,0
bus,2016,503,19.0,6,0
bus,2016,504,93.0,93,0
bus,2016,506,4736.0,438,1
bus,2016,507,5.0,1,0
bus,2016,509,10.0,1,0
bus,2016,51,11093.0,484,2
bus,2016,511,833.0,109,2
bus,2016,512,3264.0,461,5
bus,2016,52,29123.0,2044,15
bus,2016,53,19752.0,1752,27
bus,2016,536,15.0,1,0
bus,2016,54,23118.0,1868,12
bus,2016,543,6.0,1,0
bus,2016,55,2048.0,90,4
bus,2016,553,1.0,1,0
bus,2016,56,7287.0,293,3
bus,2016,57,6490.0,516,2
bus,2016,58,8.0,1,0
bus,2016,59,5183.0,215,3
bus,2016,6,11479.0,762,5
bus,2016,60,17980.0,1446,13
bus,2016,607,1.0,1,0
bus,2016,609,3.0,3,0
bus,2016,61,6601.0,368,5
bus,2016,610,1.0,1,0
bus,2016,62,2201.0,130,0
bus,2016,63,12234.0,1060,4
bus,2016,64,2505.0,173,1
bus,2016,65,5478.0,291,1
bus,2016,66,3926.0,201,8
bus,2016,67,3582.0,204,1
bus,2016,68,10350.0,792,3
bus,2016,685,24.0,1,0
bus,2016,69,1772.0,138,0
bus,2016,7,15520.0,1264,7
bus,2016,70,5438.0,347,2
bus,2016,701,8.0,8,0
bus,2016,709,1827.0,604,25
bus,2016,71,5314.0,219,3
bus,2016,72,8947.0,557,1
bus,2016,73,6755.0,322,4
bus,2016,736,20.0,1,0
bus,2016,74,2342.0,128,3
bus,2016,75,6410.0,556,4
bus,2016,750,5.0,1,0
bus,2016,751,9.0,12,3
bus,2016,752,6.0,6,0
bus,2016,754,1.0,1,0
bus,2016,756,58.0,38,0
bus,2016,757,4.0,4,0
bus,2016,759,53.0,27,6
bus,2016,76,4793.0,474,5
bus,2016,760,43.0,44,1
bus,2016,765,1.0,1,0
bus,2016,768,4.0,1,0
bus,2016,77,2098.0,74,1
bus,2016,771,231.0,185,16
bus,2016,772,2.0,2,0
bus,2016,773,13.0,13,0
bus,2016,774,55.0,46,10
bus,2016,777,17.0,21,4
bus,2016,779,1.0,1,0
bus,2016,78,2853.0,123,2
bus,2016,780,140.0,127,2
bus,2016,785,10.0,1,0
bus,2016,786,20.0,1,0
bus,2016,79,8091.0,472,2
bus,2016,791,11.0,1,0
bus,2016,8,1048.0,49,1
bus,2016,80,4452.0,145,4
bus,2016,801,160.0,110,2
bus,2016,802,4.0,4,0
bus,2016,804,13.0,9,0
bus,2016,805,7.0,8,2
bus,2016,806,39.0,16,0
bus,2016,807,131.0,89,3
bus,2016,808,18.0,1,0
bus,2016,809,6.0,6,0
bus,2016,81,3609.0,331,2
bus,2016,810,8.0,1,0
bus,2016,82,830.0,33,1
bus,2016,83,2432.0,126,0
bus,2016,836,15.0,1,0
bus,2016,839,7.0,1,0
bus,2016,84,9047.0,674,4
bus,2016,840,6.0,1,0
bus,2016,85,17198.0,1210,2
bus,2016,852,1.0,1,0
bus,2016,854,10.0,1,0
bus,2016,856,10.0,1,0
bus,2016,86,10267.0,959,4
bus,2016,87,10221.0,1100,1
bus,2016,88,6276.0,400,4
bus,2016,888,42.0,4,0
bus,2016,889,10.0,1,0
bus,2016,89,11313.0,941,6
bus,2016,9,4472.0,250,0
bus,2016,90,5409.0,585,1
bus,2016,905,5.0,1,0
bus,2016,907,1.0,2,1
bus,2016,908,5.0,1,0
bus,2016,909,4.0,4,0
bus,2016,91,6926.0,341,3
bus,2016,910,1.0,1,0
bus,2016,92,3413.0,303,1
bus,2016,93,168.0,8,0
bus,2016,94,11197.0,718,5
bus,2016,95,17893.0,1561,17
bus,2016,96,12224.0,626,2
bus,2016,97,15214.0,517,7
bus,2016,98,4997.0,167,2
bus,2016,99,315.0,15,2
bus,2017,1,68.0,15,1
bus,2017,10,847.0,62,2
bus,2017,100,6109.0,765,2
bus,2017,101,377.0,34,3
bus,2017,102,29128.0,1992,27
bus,2017,103,42.0,3,0
bus,2017,104,1996.0,114,4
bus,2017,105,4769.0,185,7
bus,2017,106,3380.0,245,3
bus,2017,107,6067.0,220,15
bus,2017,108,5563.0,324,1
bus,2017,109,4799.0,165,0
bus,2017,11,8133.0,521,1
bus,2017,110,4702.0,200,3
bus,2017,111,2716.0,191,1
bus,2017,112,4028.0,167,0
bus,2017,113,2774.0,177,3
bus,2017,115,2170.0,103,1
bus,2017,116,10852.0,983,4
bus,2017,117,1330.0,83,0
bus,2017,118,3809.0,133,1
bus,2017,119,951.0,43,0
bus,2017,12,11659.0,642,5
bus,2017,120,2613.0,81,2
bus,2017,121,13188.0,644,13
bus,2017,122,3387.0,210,1
bus,2017,123,4642.0,183,0
bus,2017,124,2314.0,188,2
bus,2017,125,1789.0,134,0
bus,2017,126,1999.0,90,1
bus,2017,127,3693.0,131,1
bus,2017,129,9359.0,585,3
bus,2017,13,8.0,1,0
bus,2017,130,3131.0,95,0
bus,2017,131,6127.0,411,3
bus,2017,132,3551.0,130,1
bus,2017,133,6546.0,438,1
bus,2017,134,4924.0,302,4
bus,2017,135,1543.0,92,1
bus,2017,14,4415.0,136,2
bus,2017,141,2340.0,83,1
bus,2017,142,2506.0,91,0
bus,2017,143,3926.0,208,9
bus,2017,144,2530.0,160,1
bus,2017,145,2089.0,64,1
bus,2017,147,25.0,1,0
bus,2017,15,2570.0,110,1
bus,2017,150,4.0,1,0
bus,2017,152,2.0,1,0
bus,2017,157,1.0,1,0
bus,2017,16,7068.0,517,6
bus,2017,160,3550.0,125,0
bus,2017,161,7286.0,411,3
bus,2017,162,2544.0,85,0
bus,2017,165,11183.0,715,4
bus,2017,167,2378.0,86,2
bus,2017,168,5525.0,503,1
bus,2017,169,3512.0,116,3
bus,2017,17,10626.0,710,15
bus,2017,171,501.0,24,0
bus,2017,1723,8.0,1,0
bus,2017,173,13.0,1,0
bus,2017,185,5967.0,591,3
bus,2017,186,4151.0,286,4
bus,2017,188,2476.0,195,0
bus,2017,189,6.0,1,0
bus,2017,19,134.0,7,0
bus,2017,190,4375.0,460,2
bus,2017,191,6552.0,630,5
bus,2017,192,2845.0,276,3
bus,2017,193,76.0,8,0
bus,2017,195,5910.0,487,8
bus,2017,196,8443.0,1150,5
bus,2017,198,3236.0,235,1
bus,2017,199,20147.0,1763,3
bus,2017,2,17.0,2,0
bus,2017,20,6140.0,281,7
bus,2017,21,6826.0,424,8
bus,2017,22,4611.0,349,6
bus,2017,220,4.0,1,0
bus,2017,23,3703.0,318,4
bus,2017,24,16514.0,1605,29
bus,2017,241,10.0,1,0
bus,2017,247,10.0,1,0
bus,2017,25,7617.0,886,4
bus,2017,254,9.0,1,0
bus,2017,26,4630.0,205,2
bus,2017,269,17.0,1,0
bus,2017,27,24.0,1,0
bus,2017,28,1252.0,53,0
bus,2017,29,15768.0,1756,12
bus,2017,299,2.0,2,0
bus,2017,3,52.0,5,0
bus,2017,30,3490.0,123,2
bus,2017,300,11559.0,470,2
bus,2017,302,1885.0,35,0
bus,2017,307,1975.0,69,0
bus,2017,31,1544.0,84,1
bus,2017,312,586.0,12,0
bus,2017,315,150.0,5,0
bus,2017,32,20333.0,1820,5
bus,2017,320,5494.0,529,2
bus,2017,322,2028.0,30,0
bus,2017,323,15.0,1,0
bus,2017,324,721.0,21,0
bus,2017,325,867.0,24,0
bus,2017,329,2697.0,51,0
bus,2017,33,3168.0,172,4
bus,2017,332,731.0,19,2
bus,2017,334,2010.0,43,0
bus,2017,335,329.0,17,1
bus,2017,336,660.0,23,1
bus,2017,337,844.0,24,0
bus,2017,339,439.0,17,0
bus,2017,34,16192.0,1513,10
bus,2017,341,588.0,26,1
bus,2017,343,473.0,16,0
bus,2017,35,12131.0,953,12
bus,2017,352,912.0,21,1
bus,2017,353,1216.0,31,0
bus,2017,354,1242.0,37,2
bus,2017,356,28.0,2,0
bus,2017,36,15447.0,1185,6
bus,2017,363,710.0,25,1
bus,2017,365,399.0,9,0
bus,2017,369,9.0,1,0
bus,2017,37,8794.0,479,4
bus,2017,38,5978.0,431,4
bus,2017,384,588.0,15,1
bus,2017,385,667.0,20,0
bus,2017,39,15961.0,1174,10
bus,2017,393,30.0,1,0
bus,2017,395,1389.0,45,0
bus,2017,396,316.0,15,0
bus,2017,4,42.0,5,0
bus,2017,40,3023.0,244,3
bus,2017,41,16824.0,1174,6
bus,2017,411,13.0,1,0
bus,2017,42,8557.0,528,5
bus,2017,43,8314.0,585,0
bus,2017,44,3412.0,299,4
bus,2017,45,7202.0,571,10
bus,2017,459,1.0,1,0
bus,2017,46,2838.0,190,2
bus,2017,47,12228.0,705,5
bus,2017,48,1466.0,66,2
bus,2017,49,1084.0,72,1
bus,2017,5,5884.0,294,3
bus,2017,50,1815.0,99,1
bus,2017,501,35.0,27,1
bus,2017,503,5.0,5,0
bus,2017,504,99.0,19,0
bus,2017,505,6.0,6,0
bus,2017,506,89.0,2,0
bus,2017,51,10980.0,410,8
bus,2017,510,3.0,3,0
bus,2017,514,56.0,1,0
bus,2017,52,30936.0,2122,15
bus,2017,53,19329.0,1559,7
bus,2017,54,18808.0,1505,9
bus,2017,55,1992.0,63,0
bus,2017,553,4.0,4,0
bus,2017,56,7458.0,341,4
bus,2017,564,6.0,1,0
bus,2017,57,5892.0,371,2
bus,2017,58,11.0,1,0
bus,2017,59,5506.0,197,5
bus,2017,6,11680.0,707,1
bus,2017,60,11182.0,961,9
bus,2017,602,1.0,2,1
bus,2017,609,1.0,1,0
bus,2017,61,3777.0,298,2
bus,2017,610,1.0,1,0
bus,2017,62,2593.0,106,5
bus,2017,63,12521.0,1069,1
bus,2017,64,2313.0,167,2
bus,2017,65,4192.0,309,2
bus,2017,66,2798.0,147,2
bus,2017,67,2184.0,183,0
bus,2017,68,7941.0,550,2
bus,2017,69,2160.0,184,4
bus,2017,7,13019.0,1057,6
bus,2017,70,3960.0,246,0
bus,2017,701,154.0,167,13
bus,2017,702,62.0,47,3
bus,2017,704,120.0,109,15
bus,2017,706,77.0,79,2
bus,2017,707,763.0,494,0
bus,2017,709,758.0,574,44
bus,2017,71,4519.0,217,0
bus,2017,710,156.0,160,4
bus,2017,72,12231.0,708,15
bus,2017,725,30.0,1,0
bus,2017,73,5813.0,304,1
bus,2017,737,15.0,1,0
bus,2017,74,2828.0,132,1
bus,2017,75,5826.0,449,5
bus,2017,751,6.0,8,2
bus,2017,752,2.0,2,0
bus,2017,754,7.0,3,0
bus,2017,756,6.0,6,0
bus,2017,757,759.0,425,12
bus,2017,759,246.0,223,14
bus,2017,76,3141.0,268,3
bus,2017,760,20.0,20,0
bus,2017,77,1428.0,85,0
bus,2017,771,31.0,33,2
bus,2017,773,13.0,13,0
bus,2017,774,2.0,5,3
bus,2017,78,1869.0,86,0
bus,2017,780,21.0,21,0
bus,2017,79,8089.0,460,0
bus,2017,799,10.0,1,0
bus,2017,8,836.0,44,0
bus,2017,80,4519.0,162,0
bus,2017,800,15.0,1,0
bus,2017,801,53.0,40,2
bus,2017,802,4.0,4,0
bus,2017,804,16.0,8,0
bus,2017,805,2.0,2,0
bus,2017,806,2.0,2,0
bus,2017,807,311.0,40,3
bus,2017,809,5.0,5,0
bus,2017,81,3045.0,304,5
bus,2017,810,4.0,4,0
bus,2017,813,9.0,1,0
bus,2017,82,1166.0,37,1
bus,2017,83,1847.0,108,1
bus,2017,84,8293.0,651,4
bus,2017,85,18460.0,1169,4
bus,2017,853,5.0,1,0
bus,2017,86,8421.0,813,2
bus,2017,87,10601.0,1153,7
bus,2017,88,4143.0,270,2
bus,2017,89,10284.0,843,0
bus,2017,897,10.0,1,0
bus,2017,9,5530.0,290,2
bus,2017,90,2822.0,373,1
bus,2017,906,1.0,1,0
bus,2017,908,5.0,1,0
bus,2017,91,4947.0,252,5
bus,2017,910,1.0,1,0
bus,2017,92,2908.0,238,2
bus,2017,93,1180.0,58,1
bus,2017,94,11914.0,751,13
bus,2017,95,21863.0,1639,0
bus,2017,953,14.0,1,0
bus,2017,96,11534.0,584,3
bus,2017,97,11763.0,410,4
bus,2017,98,3087.0,124,1
bus,2017,99,664.0,11,0
bus,2018,1,12.0,6,2
bus,2018,10,642.0,45,0
bus,2018,100,7488.0,745,1
bus,2018,101,495.0,26,0
bus,2018,102,24247.0,1382,10
bus,2018,104,2741.0,153,0
bus,2018,105,2001.0,108,0
bus,2018,106,3642.0,326,8
bus,2018,106117,10.0,1,0
bus,2018,107,2874.0,110,7
bus,2018,108,7894.0,474,4
bus,2018,109,4680.0,188,0
bus,2018,11,8367.0,441,5
bus,2018,110,4781.0,255,1
bus,2018,111,3587.0,208,2
bus,2018,112,3782.0,222,2
bus,2018,113,5098.0,259,8
bus,2018,115,2465.0,104,0
bus,2018,116,9044.0,879,2
bus,2018,117,2012.0,141,0
bus,2018,118,4638.0,178,2
bus,2018,119,1764.0,78,3
bus,2018,12,10539.0,702,6
bus,2018,120,3105.0,100,1
bus,2018,121,15692.0,693,4
bus,2018,122,4416.0,251,0
bus,2018,123,4829.0,226,0
bus,2018,124,2574.0,218,1
bus,2018,125,2200.0,153,0
bus,2018,126,3140.0,107,0
bus,2018,127,3857.0,141,0
bus,2018,129,7508.0,597,0
bus,2018,13,1.0,1,0
bus,2018,130,2708.0,125,0
bus,2018,131,5786.0,427,0
bus,2018,132,2808.0,147,0
bus,2018,133,6371.0,444,0
bus,2018,134,6728.0,452,1
bus,2018,135,2134.0,114,6
bus,2018,138,186.0,2,0
bus,2018,14,3092.0,113,0
bus,2018,141,1237.0,53,0
bus,2018,142,3960.0,142,1
bus,2018,143,7445.0,252,6
bus,2018,144,4875.0,144,0
bus,2018,145,1674.0,60,0
bus,2018,146,25.0,1,0
bus,2018,147,17.0,1,0
bus,2018,15,2486.0,111,1
bus,2018,151,11.0,1,0
bus,2018,158,12.0,1,0
bus,2018,16,7499.0,615,14
bus,2018,160,4284.0,127,3
bus,2018,161,6545.0,348,1
bus,2018,162,3616.0,134,0
bus,2018,164,8.0,1,0
bus,2018,165,11180.0,1009,4
bus,2018,166,1.0,1,0
bus,2018,167,2548.0,120,7
bus,2018,168,6532.0,492,0
bus,2018,169,3906.0,111,1
bus,2018,17,12683.0,790,16
bus,2018,171,470.0,21,0
bus,2018,175,210.0,17,1
bus,2018,176,111.0,6,0
bus,2018,18,9.0,1,0
bus,2018,185,6169.0,498,0
bus,2018,186,5701.0,400,0
bus,2018,187,10.0,1,0
bus,2018,188,1911.0,160,0
bus,2018,189,10.0,1,0
bus,2018,19,7.0,1,0
bus,2018,190,2701.0,293,0
bus,2018,191,5083.0,444,5
bus,2018,192,3137.0,303,0
bus,2018,195,5222.0,345,8
bus,2018,198,1235.0,121,0
bus,2018,199,12895.0,1379,1
bus,2018,2,115.0,7,0
bus,2018,20,5126.0,275,10
bus,2018,21,6828.0,432,3
bus,2018,212,10.0,1,0
bus,2018,219,5.0,1,0
bus,2018,22,4765.0,425,2
bus,2018,23,4757.0,411,5
bus,2018,24,17691.0,1459,18
bus,2018,241,10.0,1,0
bus,2018,247,8.0,1,0
bus,2018,25,9105.0,901,1
bus,2018,26,6845.0,287,0
bus,2018,268,5.0,1,0
bus,2018,27,15.0,1,0
bus,2018,28,1772.0,67,1
bus,2018,29,21506.0,1946,9
bus,2018,298,6.0,1,0
bus,2018,299,1.0,1,0
bus,2018,3,8.0,1,0
bus,2018,30,5153.0,199,0
bus,2018,300,9362.0,414,2
bus,2018,302,872.0,28,0
bus,2018,303,5.0,2,0
bus,2018,307,1853.0,51,0
bus,2018,31,1448.0,92,3
bus,2018,312,461.0,15,0
bus,2018,315,240.0,12,0
bus,2018,32,24784.0,2070,3
bus,2018,320,5284.0,570,3
bus,2018,322,960.0,27,0
bus,2018,323,4.0,1,0
bus,2018,324,679.0,21,0
bus,2018,325,599.0,18,0
bus,2018,329,1725.0,46,0
bus,2018,33,3824.0,160,1
bus,2018,332,2107.0,42,4
bus,2018,334,2017.0,54,0
bus,2018,335,921.0,20,0
bus,2018,336,1483.0,34,0
bus,2018,337,969.0,23,0
bus,2018,339,550.0,20,0
bus,2018,34,16818.0,1381,2
bus,2018,341,819.0,21,0
bus,2018,343,519.0,16,0
bus,2018,35,17714.0,1248,12
bus,2018,352,661.0,19,1
bus,2018,353,852.0,33,1
bus,2018,354,1291.0,32,0
bus,2018,36,14481.0,1387,5
bus,2018,363,1128.0,26,0
bus,2018,365,390.0,9,0
bus,2018,369,5.0,1,0
bus,2018,37,10419.0,552,3
bus,2018,38,5960.0,391,1
bus,2018,384,455.0,11,0
bus,2018,385,1184.0,20,0
bus,2018,39,15133.0,1206,0
bus,2018,393,14.0,2,0
bus,2018,395,1071.0,33,0
bus,2018,396,728.0,21,1
bus,2018,4,30.0,4,0
bus,2018,40,2575.0,216,0
bus,2018,41,18410.0,1089,10
bus,2018,42,9347.0,622,0
bus,2018,43,6981.0,501,3
bus,2018,44,3652.0,364,0
bus,2018,45,9581.0,760,4
bus,2018,46,5420.0,302,2
bus,2018,468,5.0,1,0
bus,2018,47,13665.0,704,3
bus,2018,474,280.0,1,0
bus,2018,48,1580.0,90,1
bus,2018,49,2144.0,122,1
bus,2018,5,5266.0,262,1
bus,2018,50,2234.0,117,0
bus,2018,501,12.0,8,0
bus,2018,502,8.0,8,0
bus,2018,503,5.0,5,0
bus,2018,504,16.0,5,0
bus,2018,505,24.0,11,0
bus,2018,506,18.0,5,0
bus,2018,51,8301.0,321,1
bus,2018,512,12.0,2,0
bus,2018,52,34427.0,1984,6
bus,2018,524,16.0,1,0
bus,2018,53,21360.0,1790,1
bus,2018,54,13837.0,1097,7
bus,2018,55,2267.0,75,0
bus,2018,553,31.0,32,1
bus,2018,557,8.0,1,0
bus,2018,56,5616.0,296,0
bus,2018,57,5988.0,363,3
bus,2018,59,5810.0,214,5
bus,2018,6,13021.0,727,1
bus,2018,60,11897.0,1049,15
bus,2018,600,23.0,30,6
bus,2018,601,44.0,48,8
bus,2018,602,106.0,91,0
bus,2018,603,5.0,6,1
bus,2018,604,1.0,1,0
bus,2018,606,56.0,75,19
bus,2018,607,54.0,40,0
bus,2018,609,118.0,52,0
bus,2018,61,4566.0,306,2
bus,2018,610,35.0,35,0
bus,2018,62,2623.0,160,6
bus,2018,63,16007.0,1389,4
bus,2018,64,4298.0,311,8
bus,2018,65,5347.0,382,4
bus,2018,66,3491.0,229,1
bus,2018,666,18.0,1,0
bus,2018,67,2871.0,173,0
bus,2018,68,5364.0,435,3
bus,2018,69,2839.0,220,6
bus,2018,7,14235.0,1115,1
bus,2018,70,5229.0,293,0
bus,2018,700,1.0,2,0
bus,2018,701,181.0,191,10
bus,2018,702,262.0,237,6
bus,2018,704,339.0,279,46
bus,2018,706,173.0,179,6
bus,2018,707,171.0,152,0
bus,2018,709,163.0,124,3
bus,2018,71,4858.0,214,0
bus,2018,710,133.0,130,1
bus,2018,711,51.0,51,0
bus,2018,716,12.0,9,1
bus,2018,719,175.0,129,10
bus,2018,72,11850.0,652,8
bus,2018,720,55.0,39,1
bus,2018,73,7547.0,434,2
bus,2018,737,11.0,1,0
bus,2018,74,4062.0,188,2
bus,2018,75,7731.0,568,3
bus,2018,751,7.0,7,0
bus,2018,752,1.0,1,0
bus,2018,754,1.0,1,0
bus,2018,756,10.0,10,0
bus,2018,758,5.0,8,2
bus,2018,759,66.0,60,0
bus,2018,76,3454.0,279,0
bus,2018,77,2213.0,91,0
bus,2018,771,34.0,34,0
bus,2018,779,4.0,4,0
bus,2018,78,2191.0,114,1
bus,2018,789,14.0,1,0
bus,2018,79,7638.0,427,1
bus,2018,8,1170.0,52,1
bus,2018,80,5367.0,200,1
bus,2018,801,14.0,10,0
bus,2018,802,3.0,4,1
bus,2018,804,5.0,5,0
bus,2018,805,2.0,3,1
bus,2018,806,15.0,13,0
bus,2018,807,39.0,23,0
bus,2018,809,5.0,5,0
bus,2018,81,3048.0,312,5
bus,2018,810,5.0,5,0
bus,2018,82,1015.0,57,0
bus,2018,83,3322.0,248,4
bus,2018,84,15430.0,921,10
bus,2018,847,15.0,1,0
bus,2018,85,15091.0,1024,2
bus,2018,86,6823.0,728,4
bus,2018,87,8606.0,943,7
bus,2018,876,16.0,1,0
bus,2018,88,4935.0,331,1
bus,2018,885,4.0,1,0
bus,2018,889,15.0,1,0
bus,2018,89,11372.0,939,2
bus,2018,897,10.0,1,0
bus,2018,898,5.0,1,0
bus,2018,9,7567.0,393,7
bus,2018,90,5610.0,448,3
bus,2018,900,314.0,33,0
bus,2018,902,1497.0,90,1
bus,2018,903,111.0,14,0
bus,2018,905,759.0,65,1
bus,2018,906,0.0,1,1
bus,2018,907,1.0,1,0
bus,2018,91,5587.0,328,10
bus,2018,913,235.0,37,0
bus,2018,92,2722.0,236,3
bus,2018,924,678.0,74,1
bus,2018,925,2025.0,151,1
bus,2018,927,1607.0,190,0
bus,2018,929,1575.0,128,0
bus,2018,93,1390.0,94,6
bus,2018,935,2038.0,155,4
bus,2018,937,1350.0,81,1
bus,2018,938,7.0,1,0
bus,2018,939,4350.0,400,1
bus,2018,94,9171.0,562,6
bus,2018,941,379.0,22,0
bus,2018,944,203.0,19,0
bus,2018,95,21128.0,1643,2
bus,2018,952,1447.0,92,0
bus,2018,954,192.0,22,1
bus,2018,96,14122.0,760,5
bus,2018,960,555.0,46,0
bus,2018,963,12.0,1,0
bus,2018,97,15565.0,503,5
bus,2018,978,15.0,1,0
bus,2018,98,4687.0,174,0
bus,2018,984,834.0,84,1
bus,2018,985,3296.0,247,0
bus,2018,989,819.0,63,0
bus,2018,99,358.0,15,0
bus,2018,995,735.0,56,0
bus,2019,1,93.0,40,3
bus,2019,10,1140.0,68,1
bus,2019,100,5640.0,642,12
bus,2019,101,718.0,27,1
bus,2019,102,16021.0,819,16
bus,2019,104,3457.0,149,2
bus,2019,105,1591.0,110,3
bus,2019,106,2536.0,193,0
bus,2019,107,930.0,37,1
bus,2019,108,5304.0,246,1
bus,2019,109,5851.0,218,1
bus,2019,11,6919.0,403,0
bus,2019,110,5731.0,305,0
bus,2019,111,3298.0,224,0
bus,2019,112,4975.0,263,1
bus,2019,113,3883.0,184,8
bus,2019,115,3528.0,86,0
bus,2019,116,9993.0,882,52
bus,2019,117,1628.0,94,0
bus,2019,118,3361.0,139,2
bus,2019,119,554.0,24,0
bus,2019,12,7074.0,396,9
bus,2019,120,2015.0,67,1
bus,2019,121,9365.0,409,4
bus,2019,122,7292.0,296,0
bus,2019,123,5847.0,300,0
bus,2019,124,2211.0,163,0
bus,2019,125,2160.0,122,1
bus,2019,126,2943.0,98,0
bus,2019,127,4729.0,168,2
bus,2019,129,7892.0,576,2
bus,2019,13,38.0,2,0
bus,2019,130,5868.0,141,1
bus,2019,131,4821.0,335,3
bus,2019,132,6465.0,188,1
bus,2019,133,5354.0,369,1
bus,2019,134,6950.0,413,4
bus,2019,135,1613.0,79,4
bus,2019,137,16.0,2,0
bus,2019,138,0.0,1,1
bus,2019,14,5485.0,192,2
bus,2019,141,492.0,23,1
bus,2019,142,3040.0,88,0
bus,2019,143,3229.0,165,3
bus,2019,144,1826.0,130,24
bus,2019,145,1801.0,62,0
bus,2019,15,2839.0,154,2
bus,2019,151,5.0,1,0
bus,2019,156,15.0,1,0
bus,2019,16,6886.0,438,4
bus,2019,160,4440.0,163,0
bus,2019,161,7735.0,356,2
bus,2019,162,1710.0,62,0
bus,2019,163,1.0,1,0
bus,2019,165,8669.0,638,4
bus,2019,166,15.0,1,0
bus,2019,167,2944.0,73,5
bus,2019,168,6224.0,457,2
bus,2019,169,3931.0,125,1
bus,2019,17,8556.0,466,5
bus,2019,171,1354.0,26,0
bus,2019,174,1.0,1,0
bus,2019,175,311.0,14,0
bus,2019,176,390.0,9,0
bus,2019,178,35.0,1,0
bus,2019,183,10.0,1,0
bus,2019,186,1832.0,129,0
bus,2019,189,444.0,17,0
bus,2019,193,1.0,1,0
bus,2019,2,24.0,13,0
bus,2019,20,3690.0,196,8
bus,2019,201,50.0,1,0
bus,2019,21,5126.0,319,4
bus,2019,22,3934.0,344,1
bus,2019,23,3255.0,294,3
bus,2019,24,8986.0,743,14
bus,2019,25,8166.0,899,50
bus,2019,26,4768.0,212,4
bus,2019,28,1275.0,30,0
bus,2019,29,16278.0,1321,6
bus,2019,299,4.0,4,0
bus,2019,3,6.0,2,0
bus,2019,30,3749.0,132,1
bus,2019,300,9878.0,429,1
bus,2019,302,967.0,23,0
bus,2019,307,2490.0,61,0
bus,2019,309,0.0,1,0
bus,2019,31,1370.0,105,2
bus,2019,312,2176.0,30,1
bus,2019,315,1381.0,14,0
bus,2019,32,19717.0,1683,10
bus,2019,320,9415.0,448,0
bus,2019,322,4639.0,36,0
bus,2019,324,2538.0,23,0
bus,2019,325,767.0,20,0
bus,2019,329,2343.0,58,1
bus,2019,33,2497.0,92,1
bus,2019,332,1658.0,38,0
bus,2019,334,2233.0,65,1
bus,2019,335,1106.0,25,0
bus,2019,336,843.0,26,0
bus,2019,337,498.0,21,0
bus,2019,339,505.0,15,0
bus,2019,34,12505.0,1180,50
bus,2019,341,641.0,17,0
bus,2019,343,253.0,9,0
bus,2019,35,13535.0,1052,10
bus,2019,352,501.0,18,1
bus,2019,353,1089.0,32,0
bus,2019,354,1792.0,51,0
bus,2019,359,114.0,1,0
bus,2019,36,9406.0,1044,4
bus,2019,363,1746.0,25,0
bus,2019,365,249.0,7,0
bus,2019,37,11400.0,523,1
bus,2019,38,4150.0,295,0
bus,2019,383,2.0,3,1
bus,2019,384,500.0,13,0
bus,2019,385,397.0,12,0
bus,2019,389,8.0,1,0
bus,2019,39,15181.0,911,3
bus,2019,393,38.0,2,0
bus,2019,395,1214.0,36,0
bus,2019,396,907.0,22,0
bus,2019,4,24.0,3,0
bus,2019,40,3605.0,231,0
bus,2019,41,14444.0,927,6
bus,2019,42,6428.0,384,3
bus,2019,43,6478.0,485,11
bus,2019,44,2721.0,291,2
bus,2019,45,7377.0,553,0
bus,2019,46,3918.0,221,0
bus,2019,47,12641.0,662,7
bus,2019,48,1721.0,75,2
bus,2019,49,1337.0,89,0
bus,2019,5,4002.0,141,1
bus,2019,50,2862.0,172,3
bus,2019,501,11.0,5,0
bus,2019,503,40.0,7,0
bus,2019,505,38.0,15,1
bus,2019,506,3.0,3,0
bus,2019,51,5571.0,274,4
bus,2019,510,1.0,1,0
bus,2019,511,12.0,4,0
bus,2019,512,20.0,1,0
bus,2019,52,29425.0,1626,12
bus,2019,53,11901.0,871,5
bus,2019,54,15488.0,1141,35
bus,2019,543,10.0,1,0
bus,2019,55,2010.0,89,0
bus,2019,553,69.0,18,2
bus,2019,56,6754.0,242,2
bus,2019,57,3723.0,261,21
bus,2019,59,5267.0,163,3
bus,2019,6,10947.0,621,2
bus,2019,60,9843.0,795,7
bus,2019,600,856.0,786,41
bus,2019,601,128.0,135,1
bus,2019,602,103.0,87,1
bus,2019,604,23.0,41,0
bus,2019,606,202.0,169,18
bus,2019,607,86.0,97,0
bus,2019,608,1.0,1,0
bus,2019,609,74.0,77,1
bus,2019,61,2623.0,145,1
bus,2019,610,381.0,114,1
bus,2019,611,1.0,1,0
bus,2019,62,2911.0,137,2
bus,2019,63,14424.0,1314,10
bus,2019,636,10.0,1,0
bus,2019,64,2549.0,231,6
bus,2019,65,4529.0,273,3
bus,2019,66,4316.0,247,0
bus,2019,67,3471.0,203,9
bus,2019,68,9902.0,568,32
bus,2019,686,5.0,1,0
bus,2019,69,2124.0,124,1
bus,2019,7,10429.0,926,2
bus,2019,70,7119.0,362,11
bus,2019,700,9.0,10,0
bus,2019,701,191.0,179,14
bus,2019,702,80.0,79,2
bus,2019,704,179.0,193,19
bus,2019,706,178.0,195,11
bus,2019,707,75.0,65,0
bus,2019,709,200.0,138,2
bus,2019,71,3237.0,177,6
bus,2019,710,106.0,98,7
bus,2019,711,121.0,107,9
bus,2019,716,88.0,99,9
bus,2019,719,126.0,105,3
bus,2019,72,10003.0,472,6
bus,2019,720,118.0,130,12
bus,2019,722,1.0,1,0
bus,2019,727,10.0,1,0
bus,2019,73,8150.0,508,2
bus,2019,74,2209.0,117,0
bus,2019,75,7531.0,506,0
bus,2019,757,1.0,1,0
bus,2019,758,2.0,2,0
bus,2019,76,2415.0,248,1
bus,2019,766,10.0,1,0
bus,2019,77,1375.0,85,2
bus,2019,779,0.0,2,0
bus,2019,78,2074.0,74,0
bus,2019,780,1.0,1,0
bus,2019,79,7206.0,429,4
bus,2019,796,20.0,1,0
bus,2019,8,1546.0,49,3
bus,2019,80,4958.0,188,0
bus,2019,801,3.0,3,0
bus,2019,804,2.0,1,0
bus,2019,806,0.0,1,1
bus,2019,807,43.0,16,1
bus,2019,81,2422.0,200,1
bus,2019,810,1.0,1,0
bus,2019,82,1626.0,88,1
bus,2019,83,3311.0,223,4
bus,2019,836,13.0,1,0
bus,2019,837,15.0,1,0
bus,2019,84,6744.0,469,5
bus,2019,841,26.0,2,0
bus,2019,848,30.0,1,0
bus,2019,85,14260.0,834,4
bus,2019,852,28.0,2,0
bus,2019,853,8.0,1,0
bus,2019,854,0.0,1,1
bus,2019,86,6566.0,485,9
bus,2019,861,10.0,1,0
bus,2019,867,13.0,1,0
bus,2019,87,5324.0,518,4
bus,2019,872,5.0,1,0
bus,2019,88,4324.0,299,2
bus,2019,882,1.0,1,0
bus,2019,886,10.0,1,0
bus,2019,89,11035.0,775,7
bus,2019,9,5768.0,286,9
bus,2019,90,3933.0,356,0
bus,2019,900,3259.0,305,0
bus,2019,902,4156.0,283,6
bus,2019,903,433.0,46,0
bus,2019,905,2731.0,225,7
bus,2019,906,1.0,1,0
bus,2019,908,10.0,1,0
bus,2019,91,5076.0,318,2
bus,2019,913,358.0,49,0
bus,2019,92,3596.0,214,0
bus,2019,921,11.0,1,0
bus,2019,924,1977.0,187,1
bus,2019,925,5782.0,525,17
bus,2019,927,3475.0,372,0
bus,2019,929,6122.0,477,2
bus,2019,93,1017.0,39,0
bus,2019,935,7864.0,501,8
bus,2019,936,17.0,2,0
bus,2019,937,4539.0,160,2
bus,2019,938,8.0,1,0
bus,2019,939,15868.0,1235,3
bus,2019,94,9269.0,452,1
bus,2019,941,3459.0,200,2
bus,2019,944,1786.0,139,0
bus,2019,945,1953.0,185,1
bus,2019,95,14160.0,994,7
bus,2019,952,6661.0,311,1
bus,2019,953,4523.0,320,8
bus,2019,954,1409.0,122,20
bus,2019,956,10.0,1,0
bus,2019,958,9.0,1,0
bus,2019,96,12524.0,605,4
bus,2019,960,906.0,76,0
bus,2019,963,12.0,1,0
bus,2019,969,9.0,1,0
bus,2019,97,13733.0,434,6
bus,2019,978,30.0,1,0
bus,2019,98,4581.0,141,1
bus,2019,984,2062.0,195,1
bus,2019,985,8811.0,537,2
bus,2019,986,1513.0,169,20
bus,2019,989,4047.0,256,3
bus,2019,99,130.0,7,0
bus,2019,995,4014.0,266,2
bus,2019,996,1793.0,132,3
bus,2020,,379.0,78,62
bus,2020,1,184.0,112,42
bus,2020,10,213.0,18,0
bus,2020,100,2418.0,253,29
bus,2020,101,409.0,32,1
bus,2020,102,8245.0,444,14
bus,2020,104,1713.0,79,2
bus,2020,105,1377.0,74,1
bus,2020,106,2244.0,187,6
bus,2020,107,1265.0,39,3
bus,2020,108,4180.0,198,5
bus,2020,109,4255.0,127,2
bus,2020,11,7113.0,396,12
bus,2020,110,3377.0,173,3
bus,2020,111,2469.0,92,0
bus,2020,112,3308.0,158,5
bus,2020,113,2433.0,128,11
bus,2020,115,1599.0,73,1
bus,2020,116,5817.0,520,46
bus,2020,117,1826.0,105,1
bus,2020,118,2903.0,82,1
bus,2020,119,723.0,36,2
bus,2020,12,5891.0,263,8
bus,2020,120,2249.0,74,0
bus,2020,121,4396.0,106,7
bus,2020,122,3087.0,168,4
bus,2020,123,3772.0,148,2
bus,2020,124,1546.0,143,0
bus,2020,125,1660.0,68,4
bus,2020,126,1728.0,59,0
bus,2020,127,2196.0,71,3
bus,2020,129,3824.0,270,5
bus,2020,130,1848.0,64,2
bus,2020,131,2284.0,156,2
bus,2020,132,1784.0,77,1
bus,2020,133,12238.0,1137,11
bus,2020,134,2760.0,201,4
bus,2020,135,1678.0,46,1
bus,2020,139,8.0,1,0
bus,2020,14,2273.0,103,3
bus,2020,141,80.0,3,0
bus,2020,142,472.0,20,0
bus,2020,143,825.0,49,0
bus,2020,144,885.0,64,6
bus,2020,145,219.0,16,0
bus,2020,15,1736.0,64,1
bus,2020,16,3958.0,270,2
bus,2020,160,2048.0,80,4
bus,2020,161,4992.0,204,5
bus,2020,162,1588.0,43,5
bus,2020,163,2241.0,167,8
bus,2020,165,7099.0,510,5
bus,2020,166,6.0,1,0
bus,2020,167,659.0,24,0
bus,2020,168,2832.0,179,4
bus,2020,169,2411.0,69,0
bus,2020,17,4839.0,273,6
bus,2020,171,884.0,27,2
bus,2020,175,447.0,7,0
bus,2020,189,1939.0,60,1
bus,2020,2,10.0,18,11
bus,2020,20,2527.0,111,3
bus,2020,21,2698.0,172,11
bus,2020,22,1954.0,126,7
bus,2020,23,1705.0,112,8
bus,2020,24,5193.0,391,15
bus,2020,25,3715.0,420,44
bus,2020,26,3635.0,137,7
bus,2020,28,1371.0,54,1
bus,2020,29,6547.0,653,15
bus,2020,3,6.0,1,0
bus,2020,30,127.0,9,0
bus,2020,300,3989.0,222,15
bus,2020,302,665.0,13,2
bus,2020,307,2420.0,50,4
bus,2020,31,629.0,40,1
bus,2020,312,330.0,12,1
bus,2020,313,11.0,1,0
bus,2020,314,27.0,1,0
bus,2020,315,165.0,6,0
bus,2020,32,14702.0,1208,29
bus,2020,320,3403.0,326,25
bus,2020,322,360.0,8,1
bus,2020,324,362.0,17,2
bus,2020,325,591.0,11,1
bus,2020,329,1404.0,34,1
bus,2020,33,1550.0,39,0
bus,2020,332,769.0,24,1
bus,2020,334,1192.0,32,3
bus,2020,335,572.0,17,2
bus,2020,336,411.0,11,1
bus,2020,337,466.0,11,2
bus,2020,339,266.0,13,3
bus,2020,34,8599.0,761,50
bus,2020,340,8.0,1,0
bus,2020,341,566.0,17,3
bus,2020,343,324.0,11,1
bus,2020,35,8713.0,720,36
bus,2020,352,243.0,9,1
bus,2020,353,760.0,20,1
bus,2020,354,761.0,18,0
bus,2020,36,9799.0,1054,30
bus,2020,363,2192.0,22,0
bus,2020,365,275.0,4,0
bus,2020,37,7238.0,289,7
bus,2020,38,2758.0,254,27
bus,2020,384,792.0,12,0
bus,2020,385,744.0,15,1
bus,2020,39,9557.0,734,16
bus,2020,393,16.0,2,0
bus,2020,395,926.0,26,1
bus,2020,396,525.0,13,2
bus,2020,40,3832.0,146,2
bus,2020,41,8748.0,499,11
bus,2020,42,4061.0,208,6
bus,2020,43,6785.0,556,36
bus,2020,432,15.0,1,0
bus,2020,44,1567.0,133,0
bus,2020,45,4697.0,264,11
bus,2020,46,2498.0,126,1
bus,2020,47,8592.0,441,13
bus,2020,48,1134.0,37,1
bus,2020,49,719.0,38,0
bus,2020,5,3230.0,81,0
bus,2020,50,2116.0,47,0
bus,2020,501,52.0,4,0
bus,2020,503,47.0,5,0
bus,2020,504,20.0,2,0
bus,2020,505,42.0,6,0
bus,2020,506,232.0,30,0
bus,2020,508,20.0,1,0
bus,2020,509,11.0,1,0
bus,2020,51,5508.0,192,1
bus,2020,511,105.0,17,0
bus,2020,52,20447.0,1200,24
bus,2020,53,7257.0,581,6
bus,2020,54,13470.0,877,36
bus,2020,55,1045.0,23,0
bus,2020,554,21.0,1,0
bus,2020,555,2.0,8,6
bus,2020,56,2991.0,127,4
bus,2020,57,2094.0,196,22
bus,2020,59,6567.0,174,2
bus,2020,6,3755.0,235,9
bus,2020,60,6531.0,565,23
bus,2020,600,894.0,693,111
bus,2020,601,1.0,1,0
bus,2020,602,6.0,3,0
bus,2020,604,9.0,9,0
bus,2020,607,3.0,3,0
bus,2020,61,1687.0,81,1
bus,2020,62,3089.0,164,26
bus,2020,63,6125.0,575,4
bus,2020,64,1687.0,82,2
bus,2020,65,1740.0,88,3
bus,2020,66,1639.0,98,2
bus,2020,67,1681.0,108,10
bus,2020,68,4582.0,256,10
bus,2020,69,1766.0,80,5
bus,2020,7,6426.0,598,7
bus,2020,70,4093.0,231,15
bus,2020,700,3.0,3,0
bus,2020,701,1.0,1,0
bus,2020,71,3326.0,122,3
bus,2020,711,3.0,3,0
bus,2020,713,1.0,1,0
bus,2020,716,16.0,16,0
bus,2020,719,12.0,12,0
bus,2020,72,3925.0,212,20
bus,2020,720,13.0,13,0
bus,2020,73,4430.0,189,5
bus,2020,74,1440.0,73,1
bus,2020,75,5512.0,398,21
bus,2020,76,2248.0,144,5
bus,2020,77,754.0,31,3
bus,2020,78,1054.0,53,0
bus,2020,789,20.0,1,0
bus,2020,79,4690.0,264,7
bus,2020,8,878.0,32,0
bus,2020,80,2883.0,102,1
bus,2020,81,820.0,80,2
bus,2020,82,686.0,31,3
bus,2020,83,550.0,35,3
bus,2020,834,25.0,1,0
bus,2020,84,6122.0,425,7
bus,2020,841,10.0,1,0
bus,2020,85,8672.0,576,16
bus,2020,854,1.0,1,0
bus,2020,86,5506.0,411,20
bus,2020,87,2613.0,208,9
bus,2020,870,20.0,1,0
bus,2020,879,15.0,1,0
bus,2020,88,2254.0,131,3
bus,2020,89,6898.0,388,14
bus,2020,895,13.0,1,0
bus,2020,9,3130.0,100,5
bus,2020,90,1644.0,138,1
bus,2020,900,1987.0,141,4
bus,2020,902,813.0,63,1
bus,2020,903,40.0,3,0
bus,2020,905,871.0,85,2
bus,2020,91,2427.0,109,8
bus,2020,913,39.0,7,0
bus,2020,914,12.0,1,0
bus,2020,92,963.0,61,3
bus,2020,924,234.0,32,0
bus,2020,925,951.0,102,10
bus,2020,927,4115.0,372,10
bus,2020,929,1341.0,106,1
bus,2020,93,269.0,13,0
bus,2020,935,2182.0,261,2
bus,2020,936,16.0,2,0
bus,2020,937,448.0,22,0
bus,2020,939,3425.0,353,0
bus,2020,94,4181.0,247,6
bus,2020,941,629.0,43,1
bus,2020,944,266.0,33,1
bus,2020,945,474.0,57,0
bus,2020,95,9619.0,686,24
bus,2020,952,687.0,74,1
bus,2020,953,817.0,147,0
bus,2020,954,267.0,43,11
bus,2020,958,12.0,1,0
bus,2020,96,10814.0,515,4
bus,2020,960,303.0,54,0
bus,2020,966,1.0,1,0
bus,2020,97,10389.0,321,9
bus,2020,98,2906.0,104,1
bus,2020,984,570.0,114,0
bus,2020,985,1908.0,186,0
bus,2020,986,496.0,73,8
bus,2020,989,1414.0,41,0
bus,2020,99,166.0,9,2
bus,2020,995,1131.0,87,0
bus,2020,996,805.0,150,1
bus,2021,,1301.0,239,200
bus,2021,1,38.0,72,56
bus,2021,10,333.0,11,0
bus,2021,100,3417.0,333,13
bus,2021,101,695.0,34,0
bus,2021,102,10874.0,546,19
bus,2021,104,3199.0,156,1
bus,2021,105,1904.0,112,4
bus,2021,106,3627.0,262,5
bus,2021,107,2606.0,106,3
bus,2021,108,5706.0,254,9
bus,2021,109,5537.0,200,11
bus,2021,11,7533.0,405,10
bus,2021,110,3034.0,167,6
bus,2021,111,1542.0,104,7
bus,2021,112,4664.0,219,7
bus,2021,113,2780.0,131,7
bus,2021,114,12.0,1,0
bus,2021,115,1524.0,64,0
bus,2021,116,5382.0,396,20
bus,2021,117,709.0,34,0
bus,2021,118,4725.0,153,3
bus,2021,119,1098.0,49,3
bus,2021,12,8731.0,357,12
bus,2021,120,2729.0,66,2
bus,2021,121,3696.0,126,10
bus,2021,122,3131.0,151,3
bus,2021,123,3840.0,189,7
bus,2021,124,3949.0,228,3
bus,2021,125,1229.0,68,4
bus,2021,126,1442.0,56,6
bus,2021,127,1700.0,73,2
bus,2021,129,3272.0,192,5
bus,2021,13,1642.0,41,1
bus,2021,130,2327.0,77,1
bus,2021,131,2295.0,160,3
bus,2021,132,1405.0,63,1
bus,2021,133,10080.0,830,3
bus,2021,134,1916.0,116,6
bus,2021,135,1329.0,51,2
bus,2021,14,3120.0,88,5
bus,2021,142,16.0,2,0
bus,2021,145,9.0,1,0
bus,2021,15,1687.0,80,2
bus,2021,151,30.0,1,0
bus,2021,16,3901.0,228,8
bus,2021,160,3562.0,145,5
bus,2021,161,3761.0,174,12
bus,2021,162,5149.0,129,3
bus,2021,165,6212.0,555,14
bus,2021,167,1845.0,54,1
bus,2021,168,1728.0,154,8
bus,2021,169,2517.0,80,3
bus,2021,17,3805.0,220,8
bus,2021,171,849.0,21,1
bus,2021,175,115.0,8,0
bus,2021,189,1314.0,54,1
bus,2021,19,1514.0,79,6
bus,2021,193,23.0,1,0
bus,2021,196,0.0,1,1
bus,2021,2,4.0,11,9
bus,2021,20,4058.0,169,5
bus,2021,21,3733.0,202,4
bus,2021,22,2256.0,169,6
bus,2021,23,1968.0,132,3
bus,2021,24,7033.0,492,10
bus,2021,25,4449.0,431,8
bus,2021,26,4588.0,146,6
bus,2021,28,570.0,28,0
bus,2021,29,6663.0,670,25
bus,2021,30,247.0,15,2
bus,2021,300,3327.0,204,49
bus,2021,301,874.0,22,2
bus,2021,302,324.0,11,1
bus,2021,304,96.0,3,0
bus,2021,306,531.0,12,2
bus,2021,307,1493.0,47,9
bus,2021,31,1148.0,36,2
bus,2021,310,58.0,6,2
bus,2021,312,529.0,11,0
bus,2021,315,220.0,6,1
bus,2021,32,18083.0,1340,42
bus,2021,320,3743.0,280,59
bus,2021,321,9.0,1,0
bus,2021,322,377.0,12,4
bus,2021,324,570.0,16,2
bus,2021,325,337.0,11,1
bus,2021,329,909.0,33,5
bus,2021,33,1860.0,43,2
bus,2021,332,745.0,11,0
bus,2021,334,906.0,34,9
bus,2021,335,648.0,17,3
bus,2021,336,1286.0,25,0
bus,2021,337,572.0,11,0
bus,2021,339,563.0,14,1
bus,2021,34,11949.0,901,35
bus,2021,341,315.0,12,1
bus,2021,343,168.0,9,2
bus,2021,35,11334.0,895,35
bus,2021,352,865.0,15,1
bus,2021,353,464.0,20,4
bus,2021,354,608.0,13,2
bus,2021,36,11929.0,1357,49
bus,2021,363,548.0,17,1
bus,2021,365,10.0,1,0
bus,2021,37,8508.0,334,19
bus,2021,38,3816.0,303,6
bus,2021,384,360.0,14,1
bus,2021,385,66.0,3,0
bus,2021,39,11816.0,832,31
bus,2021,393,17.0,2,0
bus,2021,395,1037.0,23,2
bus,2021,396,1145.0,29,2
bus,2021,40,3848.0,163,6
bus,2021,41,7367.0,473,28
bus,2021,42,4222.0,190,5
bus,2021,43,7521.0,520,31
bus,2021,44,1203.0,107,6
bus,2021,45,4122.0,277,18
bus,2021,46,3041.0,141,4
bus,2021,47,8394.0,465,16
bus,2021,48,831.0,37,1
bus,2021,49,1126.0,42,0
bus,2021,5,1189.0,38,2
bus,2021,50,707.0,36,6
bus,2021,501,9803.0,840,26
bus,2021,503,1269.0,55,0
bus,2021,504,4537.0,432,5
bus,2021,505,3280.0,208,13
bus,2021,506,5106.0,326,8
bus,2021,509,790.0,75,4
bus,2021,51,5812.0,192,6
bus,2021,510,2176.0,155,6
bus,2021,511,1344.0,106,8
bus,2021,512,1629.0,124,6
bus,2021,52,21855.0,1189,50
bus,2021,53,8463.0,752,26
bus,2021,54,16445.0,1010,18
bus,2021,55,1592.0,33,0
bus,2021,555,0.0,10,10
bus,2021,56,2774.0,118,4
bus,2021,57,3630.0,198,7
bus,2021,59,7391.0,238,8
bus,2021,6,2590.0,94,5
bus,2021,60,7578.0,717,33
bus,2021,600,283.0,138,105
bus,2021,61,2482.0,103,1
bus,2021,610,10.0,1,0
bus,2021,62,4432.0,193,5
bus,2021,63,7720.0,619,24
bus,2021,632,11.0,1,0
bus,2021,639,22.0,1,0
bus,2021,64,1255.0,57,2
bus,2021,65,2763.0,144,5
bus,2021,66,1656.0,59,1
bus,2021,67,3390.0,144,3
bus,2021,68,5679.0,285,14
bus,2021,69,1805.0,73,3
bus,2021,7,9317.0,736,36
bus,2021,70,7866.0,353,14
bus,2021,700,0.0,1,1
bus,2021,705,9.0,1,0
bus,2021,71,2109.0,96,3
bus,2021,72,5527.0,270,7
bus,2021,73,6048.0,219,9
bus,2021,74,2319.0,100,2
bus,2021,75,4953.0,368,20
bus,2021,76,1518.0,104,4
bus,2021,77,1284.0,34,6
bus,2021,78,1164.0,48,2
bus,2021,79,5126.0,283,12
bus,2021,8,1265.0,43,1
bus,2021,80,2935.0,79,7
bus,2021,81,1272.0,91,6
bus,2021,82,1170.0,35,1
bus,2021,83,2028.0,84,2
bus,2021,84,7693.0,576,24
bus,2021,85,12195.0,681,35
bus,2021,86,6830.0,439,13
bus,2021,87,3944.0,340,10
bus,2021,88,4454.0,144,8
bus,2021,89,5545.0,358,17
bus,2021,899,0.0,2,2
bus,2021,9,3866.0,142,7
bus,2021,90,1916.0,148,5
bus,2021,900,1500.0,136,11
bus,2021,902,1777.0,134,4
bus,2021,905,2885.0,257,6
bus,2021,907,10.0,1,0
bus,2021,91,3942.0,155,13
bus,2021,92,1443.0,82,8
bus,2021,924,482.0,35,2
bus,2021,925,2764.0,219,1
bus,2021,927,4031.0,324,11
bus,2021,929,2926.0,273,17
bus,2021,93,893.0,26,2
bus,2021,935,3635.0,282,8
bus,2021,937,1088.0,68,7
bus,2021,939,5977.0,548,16
bus,2021,94,4884.0,262,12
bus,2021,941,1242.0,85,8
bus,2021,943,93.0,7,3
bus,2021,944,411.0,36,0
bus,2021,945,569.0,64,2
bus,2021,95,9842.0,669,16
bus,2021,950,8.0,1,0
bus,2021,952,1437.0,94,6
bus,2021,953,1544.0,112,5
bus,2021,954,480.0,35,1
bus,2021,96,17168.0,797,11
bus,2021,96 WILSON/996 AND 165,121.0,1,0
bus,2021,960,3230.0,254,17
bus,2021,9602,10.0,1,0
bus,2021,968,84.0,8,0
bus,2021,97,13599.0,425,24
bus,2021,98,3551.0,144,3
bus,2021,984,1543.0,154,3
bus,2021,985,3155.0,225,3
bus,2021,986,559.0,54,2
bus,2021,989,786.0,66,6
bus,2021,99,581.0,23,4
bus,2021,995,1783.0,121,1
bus,2021,996,3220.0,274,12
bus,2021,BD,0.0,2,2
bus,2021,DON MILLS,0.0,1,1
bus,2021,LEASIDE,12.0,1,0
bus,2021,RAD,5.0,15,12
bus,2021,TEST CAR,0.0,1,1
bus,2022,,2506.0,380,233
bus,2022,1,4229.0,253,106
bus,2022,10,787.0,17,3
bus,2022,100,5661.0,528,33
bus,2022,101,697.0,35,1
bus,2022,102,14378.0,801,30
bus,2022,104,3579.0,191,5
bus,2022,105,2255.0,130,6
bus,2022,106,5024.0,246,5
bus,2022,107,4889.0,169,4
bus,2022,108,7582.0,323,12
bus,2022,109,6001.0,202,3
bus,2022,11,7559.0,359,7
bus,2022,110,6278.0,326,6
bus,2022,111,3223.0,175,5
bus,2022,112,6719.0,282,8
bus,2022,113,3999.0,215,16
bus,2022,115,1080.0,46,1
bus,2022,116,8396.0,759,26
bus,2022,117,23.0,1,0
bus,2022,118,6360.0,187,11
bus,2022,119,2810.0,120,13
bus,2022,12,9238.0,429,14
bus,2022,120,3499.0,98,5
bus,2022,121,6079.0,228,11
bus,2022,122,3091.0,135,4
bus,2022,123,6714.0,331,7
bus,2022,1232,16.0,1,0
bus,2022,124,2659.0,171,0
bus,2022,125,2086.0,101,1
bus,2022,126,2687.0,105,2
bus,2022,127,3403.0,143,9
bus,2022,129,4884.0,258,7
bus,2022,13,4896.0,144,9
bus,2022,130,3002.0,106,3
bus,2022,131,3957.0,242,4
bus,2022,132,1513.0,81,1
bus,2022,133,4299.0,295,6
bus,2022,134,3848.0,198,5
bus,2022,135,2090.0,68,3
bus,2022,14,7864.0,166,10
bus,2022,141,12.0,1,0
bus,2022,15,2642.0,99,4
bus,2022,152,11.0,1,0
bus,2022,16,4430.0,291,12
bus,2022,160,3697.0,146,3
bus,2022,161,7527.0,310,18
bus,2022,162,1840.0,51,1
bus,2022,165,9692.0,751,26
bus,2022,167,3337.0,63,3
bus,2022,168,4465.0,353,14
bus,2022,169,3678.0,110,7
bus,2022,17,6244.0,308,9
bus,2022,171,763.0,16,0
bus,2022,172,2510.0,85,8
bus,2022,174,20.0,2,1
bus,2022,175,255.0,17,1
bus,2022,176,390.0,7,0
bus,2022,189,1481.0,39,0
bus,2022,19,6225.0,240,24
bus,2022,2,8764.0,342,48
bus,2022,20,6448.0,308,8
bus,2022,21,5209.0,259,10
bus,2022,22,2732.0,216,10
bus,2022,23,3187.0,212,4
bus,2022,24,9915.0,845,18
bus,2022,25,9663.0,840,17
bus,2022,26,6197.0,205,23
bus,2022,27,7.0,1,0
bus,2022,28,1002.0,35,1
bus,2022,29,12908.0,1217,43
bus,2022,3,655.0,27,6
bus,2022,30,1597.0,70,8
bus,2022,300,7889.0,377,81
bus,2022,301,21.0,6,4
bus,2022,302,596.0,19,2
bus,2022,304,30.0,1,0
bus,2022,306,51.0,2,0
bus,2022,307,2402.0,75,8
bus,2022,31,2018.0,104,6
bus,2022,312,1146.0,28,6
bus,2022,315,178.0,6,0
bus,2022,32,25326.0,1791,54
bus,2022,320,5959.0,462,86
bus,2022,322,452.0,13,0
bus,2022,324,846.0,24,0
bus,2022,325,1682.0,27,2
bus,2022,329,2136.0,49,4
bus,2022,33,4221.0,100,6
bus,2022,332,1158.0,44,10
bus,2022,334,1157.0,46,5
bus,2022,335,514.0,18,1
bus,2022,336,2939.0,48,1
bus,2022,337,808.0,16,0
bus,2022,339,822.0,29,6
bus,2022,34,14076.0,1070,32
bus,2022,341,829.0,17,2
bus,2022,343,750.0,28,5
bus,2022,35,14791.0,1335,62
bus,2022,352,717.0,22,2
bus,2022,353,969.0,42,9
bus,2022,354,1684.0,31,1
bus,2022,36,20119.0,1811,68
bus,2022,363,1373.0,28,1
bus,2022,365,437.0,8,1
bus,2022,37,13369.0,582,17
bus,2022,38,3442.0,266,10
bus,2022,384,618.0,17,0
bus,2022,385,574.0,12,4
bus,2022,39,14748.0,868,31
bus,2022,395,643.0,23,1
bus,2022,396,674.0,20,0
bus,2022,4,276.0,12,7
bus,2022,40,8195.0,346,11
bus,2022,41,13128.0,882,12
bus,2022,414,21.0,1,0
bus,2022,42,5815.0,295,2
bus,2022,421,5.0,1,0
bus,2022,424,8.0,1,0
bus,2022,43,9407.0,614,28
bus,2022,44,2805.0,252,3
bus,2022,441,0.0,1,1
bus,2022,445,40.0,1,0
bus,2022,45,7087.0,499,21
bus,2022,454,14.0,1,0
bus,2022,46,6346.0,299,10
bus,2022,47,16199.0,868,13
bus,2022,48,1523.0,73,6
bus,2022,49,1113.0,46,1
bus,2022,5,704.0,20,5
bus,2022,50,1777.0,82,1
bus,2022,501,728.0,74,7
bus,2022,503,51.0,2,0
bus,2022,504,271.0,39,5
bus,2022,505,38.0,4,0
bus,2022,506,284.0,26,2
bus,2022,509,8.0,1,0
bus,2022,51,5013.0,184,3
bus,2022,510,100.0,4,1
bus,2022,511,17.0,1,0
bus,2022,512,9.0,3,2
bus,2022,52,31087.0,1670,48
bus,2022,53,11475.0,752,20
bus,2022,54,18000.0,1257,27
bus,2022,545,8.0,1,0
bus,2022,55,2201.0,39,3
bus,2022,555,0.0,4,4
bus,2022,56,4990.0,217,12
bus,2022,57,5603.0,329,20
bus,2022,59,8013.0,288,12
bus,2022,6,649.0,22,6
bus,2022,60,9812.0,717,30
bus,2022,600,219.0,113,84
bus,2022,61,2850.0,165,10
bus,2022,62,2596.0,90,7
bus,2022,63,14290.0,1361,37
bus,2022,635,8.0,1,0
bus,2022,636,0.0,1,1
bus,2022,64,1942.0,105,2
bus,2022,643,3.0,1,0
bus,2022,65,3736.0,227,18
bus,2022,652,12.0,1,0
bus,2022,66,2548.0,130,3
bus,2022,67,4207.0,190,4
bus,2022,68,10307.0,486,28
bus,2022,69,2458.0,146,5
bus,2022,6968,10.0,1,0
bus,2022,7,14901.0,1292,40
bus,2022,70,5846.0,242,8
bus,2022,71,3030.0,180,2
bus,2022,7172,30.0,1,0
bus,2022,72,8000.0,400,14
bus,2022,725,22.0,2,0
bus,2022,73,7473.0,339,13
bus,2022,74,2244.0,86,5
bus,2022,741,8.0,1,0
bus,2022,75,7580.0,513,21
bus,2022,76,3302.0,231,3
bus,2022,77,3584.0,76,2
bus,2022,78,2401.0,96,2
bus,2022,79,6181.0,344,16
bus,2022,8,1974.0,72,9
bus,2022,80,3714.0,139,10
bus,2022,81,2589.0,196,3
bus,2022,82,1167.0,47,4
bus,2022,825,10.0,1,0
bus,2022,83,2011.0,110,5
bus,2022,84,10955.0,685,18
bus,2022,841,11.0,1,0
bus,2022,85,15085.0,920,42
bus,2022,852,12.0,1,0
bus,2022,86,11074.0,771,33
bus,2022,861,15.0,1,0
bus,2022,87,7143.0,469,15
bus,2022,874,9.0,1,0
bus,2022,88,5256.0,216,19
bus,2022,889,0.0,1,1
bus,2022,89,9646.0,747,15
bus,2022,898630,6.0,1,0
bus,2022,899,0.0,9,9
bus,2022,9,4639.0,190,11
bus,2022,90,3619.0,301,4
bus,2022,900,3362.0,334,11
bus,2022,902,2108.0,154,5
bus,2022,905,5047.0,427,8
bus,2022,91,4657.0,216,9
bus,2022,913,25.0,3,0
bus,2022,92,1342.0,112,4
bus,2022,924,1777.0,140,4
bus,2022,925,5911.0,487,8
bus,2022,927,6699.0,539,16
bus,2022,929,6932.0,577,14
bus,2022,93,936.0,28,0
bus,2022,935,6567.0,492,18
bus,2022,937,2001.0,148,2
bus,2022,938,183.0,2,0
bus,2022,939,10012.0,758,25
bus,2022,94,9926.0,465,16
bus,2022,940,9.0,1,0
bus,2022,941,3022.0,220,10
bus,2022,943,747.0,48,2
bus,2022,944,885.0,90,0
bus,2022,945,1717.0,180,3
bus,2022,95,12412.0,841,34
bus,2022,9505,10.0,1,0
bus,2022,952,2921.0,221,3
bus,2022,9525,9.0,1,0
bus,2022,953,3132.0,206,5
bus,2022,954,1286.0,125,6
bus,2022,96,15862.0,745,26
bus,2022,960,10594.0,870,23
bus,2022,968,546.0,45,1
bus,2022,97,17832.0,480,37
bus,2022,98,4877.0,174,3
bus,2022,984,2977.0,243,5
bus,2022,985,4607.0,338,14
bus,2022,986,1669.0,159,2
bus,2022,989,3817.0,247,11
bus,2022,9896,11.0,1,0
bus,2022,99,393.0,23,0
bus,2022,995,2630.0,171,4
bus,2022,996,3727.0,242,7
bus,2022,A242,0.0,1,1
bus,2022,LINE 2,24.0,1,0
bus,2022,OTC,43.0,9,7
bus,2022,RAD,17.0,11,7
bus,2023,,2511.0,569,475
bus,2023,1,63.0,34,24
bus,2023,10,290.0,16,3
bus,2023,100,3654.0,276,25
bus,2023,101,1868.0,65,7
bus,2023,102,15747.0,924,45
bus,2023,104,5710.0,233,15
bus,2023,105,2333.0,147,11
bus,2023,106,4440.0,256,12
bus,2023,1068,20.0,1,0
bus,2023,107,5248.0,181,9
bus,2023,108,8844.0,354,15
bus,2023,109,5824.0,179,7
bus,2023,1096,30.0,1,0
bus,2023,11,5211.0,265,18
bus,2023,110,6627.0,266,12
bus,2023,111,3781.0,164,7
bus,2023,112,4021.0,195,9
bus,2023,113,5208.0,259,18
bus,2023,115,1101.0,34,0
bus,2023,116,9288.0,795,52
bus,2023,1176,30.0,1,0
bus,2023,118,5869.0,219,16
bus,2023,119,2763.0,106,3
bus,2023,12,8032.0,356,15
bus,2023,120,3466.0,123,13
bus,2023,121,4831.0,155,13
bus,2023,122,3195.0,110,6
bus,2023,123,5710.0,280,12
bus,2023,124,2118.0,133,3
bus,2023,1247,30.0,1,0
bus,2023,125,2043.0,106,10
bus,2023,126,4004.0,165,8
bus,2023,127,3678.0,89,6
bus,2023,128,369.0,14,2
bus,2023,129,5770.0,302,11
bus,2023,13,5074.0,169,17
bus,2023,130,3303.0,140,3
bus,2023,131,4376.0,246,7
bus,2023,132,2212.0,106,0
bus,2023,133,5060.0,329,13
bus,2023,134,3894.0,222,9
bus,2023,135,1290.0,60,1
bus,2023,14,6135.0,205,7
bus,2023,145,16.0,1,0
bus,2023,15,3227.0,112,12
bus,2023,16,5252.0,299,22
bus,2023,160,5499.0,207,11
bus,2023,161,8747.0,385,16
bus,2023,162,1683.0,56,5
bus,2023,165,7742.0,702,28
bus,2023,167,1895.0,60,7
bus,2023,168,7156.0,370,28
bus,2023,169,4604.0,133,3
bus,2023,17,6919.0,332,12
bus,2023,171,956.0,32,1
bus,2023,176,402.0,16,1
bus,2023,184,171.0,7,0
bus,2023,189,683.0,30,1
bus,2023,19,6645.0,266,24
bus,2023,2,2.0,6,5
bus,2023,20,4867.0,236,13
bus,2023,200,488.0,22,1
bus,2023,201,921.0,22,1
bus,2023,202,2204.0,69,3
bus,2023,203,60.0,3,0
bus,2023,21,6770.0,285,14
bus,2023,22,2014.0,135,16
bus,2023,23,2572.0,161,8
bus,2023,232,12.0,1,0
bus,2023,24,8591.0,655,36
bus,2023,25,6996.0,646,41
bus,2023,26,6008.0,162,9
bus,2023,28,669.0,22,2
bus,2023,29,13959.0,1288,72
bus,2023,30,2342.0,96,6
bus,2023,300,6262.0,455,144
bus,2023,301,181.0,14,4
bus,2023,302,797.0,25,8
bus,2023,304,45.0,2,0
bus,2023,306,34.0,3,1
bus,2023,307,2090.0,63,14
bus,2023,31,2156.0,143,5
bus,2023,310,31.0,1,0
bus,2023,312,1120.0,22,2
bus,2023,315,188.0,5,1
bus,2023,32,28700.0,1915,53
bus,2023,320,4999.0,480,200
bus,2023,322,766.0,23,6
bus,2023,324,716.0,21,2
bus,2023,325,563.0,14,3
bus,2023,329,1278.0,47,10
bus,2023,33,2150.0,59,3
bus,2023,332,806.0,31,6
bus,2023,334,2344.0,61,14
bus,2023,335,1162.0,34,5
bus,2023,336,2853.0,71,8
bus,2023,337,1412.0,24,6
bus,2023,339,741.0,39,11
bus,2023,34,11837.0,740,55
bus,2023,341,1017.0,22,1
bus,2023,343,787.0,35,6
bus,2023,35,15575.0,1305,81
bus,2023,352,1320.0,43,5
bus,2023,353,1040.0,46,16
bus,2023,354,1146.0,32,6
bus,2023,36,19813.0,1674,106
bus,2023,362,12.0,1,0
bus,2023,363,1564.0,35,3
bus,2023,365,307.0,7,0
bus,2023,37,11110.0,466,33
bus,2023,38,4544.0,293,9
bus,2023,384,330.0,9,2
bus,2023,385,731.0,31,6
bus,2023,39,11081.0,616,32
bus,2023,395,797.0,26,4
bus,2023,396,1674.0,45,10
bus,2023,4,10.0,1,0
bus,2023,40,8387.0,324,16
bus,2023,41,13924.0,958,38
bus,2023,42,6070.0,272,22
bus,2023,43,8629.0,589,27
bus,2023,44,2847.0,256,19
bus,2023,45,9116.0,615,29
bus,2023,450,16.0,1,0
bus,2023,46,6486.0,260,24
bus,2023,460,24.0,1,0
bus,2023,462,30.0,1,0
bus,2023,468,11.0,1,0
bus,2023,47,17819.0,935,35
bus,2023,48,1453.0,60,5
bus,2023,49,787.0,43,8
bus,2023,50,1138.0,60,4
bus,2023,501,925.0,100,15
bus,2023,503,50.0,5,0
bus,2023,504,226.0,29,4
bus,2023,505,0.0,2,2
bus,2023,506,237.0,25,1
bus,2023,507,16.0,2,0
bus,2023,51,6510.0,272,26
bus,2023,510,59.0,6,1
bus,2023,511,30.0,5,2
bus,2023,512,190.0,32,2
bus,2023,513,187.0,22,0
bus,2023,52,26203.0,1378,78
bus,2023,52 LAWRENCE WEST - 600,0.0,1,1
bus,2023,53,12830.0,755,47
bus,2023,54,14985.0,988,64
bus,2023,55,2105.0,33,4
bus,2023,555,0.0,5,5
bus,2023,56,4125.0,183,18
bus,2023,57,6622.0,257,16
bus,2023,58,20.0,1,0
bus,2023,59,7034.0,226,4
bus,2023,60,7814.0,627,42
bus,2023,600,1021.0,385,277
bus,2023,61,3312.0,157,8
bus,2023,62,4354.0,210,11
bus,2023,63,11537.0,940,64
bus,2023,64,4407.0,281,18
bus,2023,65,3787.0,266,36
bus,2023,66,2300.0,100,4
bus,2023,67,3045.0,179,15
bus,2023,68,10001.0,404,17
bus,2023,686,10.0,1,0
bus,2023,69,2310.0,129,7
bus,2023,7,14905.0,1239,60
bus,2023,70,3931.0,233,21
bus,2023,701,0.0,1,1
bus,2023,71,2909.0,191,9
bus,2023,72,12869.0,840,52
bus,2023,725,7.0,1,0
bus,2023,73,8645.0,350,29
bus,2023,74,1791.0,64,5
bus,2023,75,6962.0,486,52
bus,2023,76,2055.0,157,16
bus,2023,77,1362.0,61,8
bus,2023,78,2369.0,101,11
bus,2023,79,9655.0,432,27
bus,2023,8,1127.0,44,0
bus,2023,80,5011.0,172,21
bus,2023,81,1460.0,157,9
bus,2023,810,0.0,1,1
bus,2023,82,956.0,53,11
bus,2023,83,2043.0,79,6
bus,2023,84,9291.0,567,19
bus,2023,85,13144.0,842,51
bus,2023,86,10229.0,715,43
bus,2023,87,2897.0,151,15
bus,2023,88,4504.0,193,15
bus,2023,89,9430.0,727,33
bus,2023,899,0.0,5,5
bus,2023,9,3807.0,156,6
bus,2023,90,3028.0,282,17
bus,2023,900,3431.0,265,29
bus,2023,902,2830.0,211,11
bus,2023,903,1316.0,233,11
bus,2023,905,5229.0,311,18
bus,2023,91,4400.0,188,8
bus,2023,92,1267.0,105,9
bus,2023,924,1472.0,138,5
bus,2023,925,4020.0,334,15
bus,2023,927,7770.0,475,20
bus,2023,929,7825.0,729,19
bus,2023,93,934.0,37,4
bus,2023,935,6522.0,512,26
bus,2023,937,2254.0,120,8
bus,2023,938,76.0,3,0
bus,2023,939,10642.0,748,48
bus,2023,94,5595.0,315,26
bus,2023,941,2668.0,162,6
bus,2023,943,194.0,19,2
bus,2023,944,897.0,86,4
bus,2023,945,2358.0,198,8
bus,2023,95,11263.0,811,42
bus,2023,952,1947.0,177,16
bus,2023,9525,11.0,1,0
bus,2023,953,1432.0,101,7
bus,2023,954,1683.0,108,8
bus,2023,96,14712.0,756,45
bus,2023,960,9328.0,778,36
bus,2023,968,739.0,52,2
bus,2023,97,14568.0,406,33
bus,2023,98,5589.0,198,2
bus,2023,984,2360.0,164,5
bus,2023,985,5626.0,463,23
bus,2023,986,1370.0,123,7
bus,2023,989,2282.0,148,6
bus,2023,99,2106.0,82,1
bus,2023,995,4162.0,237,11
bus,2023,996,4344.0,360,14
bus,2023,A,0.0,1,1
bus,2023,A236,0.0,1,1
bus,2023,BD,29.0,10,7
bus,2023,BROADVIEW,0.0,1,1
bus,2023,CARIBANA,3.0,1,0
bus,2023,CHANGEOF,0.0,1,1
bus,2023,FLEET,0.0,2,2
bus,2023,HILLCREST,0.0,1,1
bus,2023,LIINE 1,0.0,1,1
bus,2023,LINE 1,48.0,29,25
bus,2023,LINE 1 SHUTTLE - 600,0.0,1,1
bus,2023,LINE 2,28.0,15,6
bus,2023,LINE 3,29.0,15,6
bus,2023,LINE1,0.0,1,1
bus,2023,NON,0.0,1,1
bus,2023,OTC,0.0,8,8
bus,2023,RAD,46.0,29,22
bus,2023,RAD / 501,0.0,1,1
bus,2023,RAD 21,2.0,1,0
bus,2023,RAD 600,21.0,3,1
bus,2023,RSEM,0.0,1,1
bus,2023,SHP,0.0,1,1
bus,2023,SHUTTLE,66.0,28,14
bus,2023,SHUTTLE BUS - LINE 2,2.0,1,0
bus,2023,SRT,13.0,4,2
bus,2023,SRT SHUTTE LINE 3,0.0,1,1
bus,2023,YU,35.0,12,10
bus,2024,,2199.0,622,527
bus,2024,0,27.0,5,3
bus,2024,00RAD,0.0,2,2
bus,2024,1,23.0,4,1
bus,2024,10,408.0,11,2
bus,2024,100,5899.0,576,180
bus,2024,101,1208.0,39,2
bus,2024,102,19591.0,1008,35
bus,2024,103,20.0,1,0
bus,2024,104,3579.0,151,14
bus,2024,105,2271.0,124,19
bus,2024,106,3031.0,173,15
bus,2024,1060,20.0,1,0
bus,2024,107,4834.0,161,11
bus,2024,108,8858.0,370,24
bus,2024,109,6378.0,177,14
bus,2024,11,7888.0,354,44
bus,2024,110,7435.0,307,18
bus,2024,111,4744.0,202,2
bus,2024,112,6066.0,293,25
bus,2024,113,4123.0,186,18
bus,2024,114,2778.0,205,87
bus,2024,115,489.0,15,2
bus,2024,116,10803.0,861,58
bus,2024,117,43.0,2,0
bus,2024,118,7034.0,310,105
bus,2024,119,2235.0,80,7
bus,2024,12,9811.0,433,24
bus,2024,120,2602.0,84,5
bus,2024,121,7709.0,204,27
bus,2024,122,4738.0,221,11
bus,2024,123,7642.0,389,20
bus,2024,124,796.0,53,1
bus,2024,125,1333.0,91,14
bus,2024,126,3652.0,156,15
bus,2024,127,2774.0,95,7
bus,2024,128,596.0,32,6
bus,2024,129,9255.0,488,29
bus,2024,13,4696.0,182,67
bus,2024,130,5818.0,221,19
bus,2024,131,7658.0,420,11
bus,2024,132,1689.0,59,11
bus,2024,133,8500.0,517,27
bus,2024,134,5536.0,241,10
bus,2024,135,1894.0,88,3
bus,2024,14,5889.0,222,14
bus,2024,141,10.0,1,0
bus,2024,144,0.0,1,1
bus,2024,15,2774.0,124,29
bus,2024,154,1920.0,67,5
bus,2024,16,3551.0,274,18
bus,2024,160,3752.0,203,64
bus,2024,161,7116.0,317,24
bus,2024,162,3463.0,78,7
bus,2024,165,9943.0,787,49
bus,2024,167,1923.0,64,4
bus,2024,168,4184.0,289,52
bus,2024,169,5574.0,176,10
bus,2024,17,6831.0,281,15
bus,2024,171,842.0,33,3
bus,2024,176,569.0,14,1
bus,2024,184,488.0,14,1
bus,2024,185,1397.0,51,4
bus,2024,189,1367.0,40,3
bus,2024,19,7866.0,240,30
bus,2024,2,48.0,35,23
bus,2024,20,5145.0,202,15
bus,2024,200,481.0,13,0
bus,2024,201,165.0,13,4
bus,2024,202,1797.0,57,11
bus,2024,21,5725.0,248,10
bus,2024,22,1606.0,162,38
bus,2024,23,2144.0,152,9
bus,2024,24,7896.0,587,43
bus,2024,25,8191.0,676,130
bus,2024,2504,10.0,1,0
bus,2024,26,5643.0,195,24
bus,2024,28,1524.0,32,4
bus,2024,29,17128.0,1383,114
bus,2024,30,2108.0,84,5
bus,2024,300,7235.0,457,199
bus,2024,301,208.0,4,0
bus,2024,302,908.0,19,3
bus,2024,304,0.0,1,1
bus,2024,307,5046.0,102,31
bus,2024,31,4166.0,166,10
bus,2024,312,588.0,14,1
bus,2024,315,528.0,11,1
bus,2024,32,26548.0,1775,127
bus,2024,320,5739.0,507,218
bus,2024,322,964.0,29,7
bus,2024,324,647.0,14,4
bus,2024,325,819.0,27,7
bus,2024,329,2557.0,66,15
bus,2024,3290,20.0,1,0
bus,2024,33,1419.0,35,8
bus,2024,332,3187.0,60,13
bus,2024,334,1375.0,46,15
bus,2024,335,1194.0,46,9
bus,2024,336,1063.0,55,19
bus,2024,337,481.0,22,4
bus,2024,339,554.0,40,13
bus,2024,34,9874.0,725,54
bus,2024,340,234.0,2,0
bus,2024,341,989.0,26,5
bus,2024,343,742.0,21,7
bus,2024,35,15498.0,1314,69
bus,2024,352,1465.0,38,9
bus,2024,353,1051.0,58,18
bus,2024,354,1350.0,21,3
bus,2024,36,15491.0,1533,87
bus,2024,363,1708.0,37,7
bus,2024,365,379.0,9,1
bus,2024,37,11773.0,555,29
bus,2024,38,8146.0,491,17
bus,2024,384,407.0,14,4
bus,2024,385,717.0,22,6
bus,2024,39,9466.0,566,46
bus,2024,395,677.0,27,6
bus,2024,396,775.0,40,9
bus,2024,40,10136.0,457,62
bus,2024,400,8.0,1,0
bus,2024,41,11662.0,809,48
bus,2024,42,5692.0,281,21
bus,2024,43,12521.0,843,123
bus,2024,44,3461.0,373,17
bus,2024,45,7730.0,563,34
bus,2024,46,4971.0,206,14
bus,2024,47,14144.0,772,66
bus,2024,48,1116.0,48,2
bus,2024,49,954.0,43,9
bus,2024,50,3200.0,111,11
bus,2024,501,775.0,48,5
bus,2024,503,21.0,1,0
bus,2024,504,34.0,11,6
bus,2024,505,126.0,8,2
bus,2024,506,67.0,6,3
bus,2024,507,10.0,2,1
bus,2024,509,9.0,4,2
bus,2024,51,6174.0,243,38
bus,2024,510,74.0,22,6
bus,2024,511,43.0,3,1
bus,2024,512,117.0,26,3
bus,2024,52,28802.0,1687,107
bus,2024,53,11701.0,766,52
bus,2024,54,14939.0,933,94
bus,2024,55,2025.0,59,1
bus,2024,555,19.0,35,34
bus,2024,56,3611.0,164,34
bus,2024,57,4114.0,205,9
bus,2024,59,8448.0,226,13
bus,2024,59097,8.0,1,0
bus,2024,60,6630.0,583,56
bus,2024,600,704.0,272,200
bus,2024,601,0.0,1,1
bus,2024,61,3179.0,168,37
bus,2024,610,9.0,1,0
bus,2024,62,2197.0,106,6
bus,2024,63,13863.0,1199,147
bus,2024,64,5658.0,348,24
bus,2024,65,4949.0,272,31
bus,2024,652,9.0,1,0
bus,2024,66,3130.0,149,16
bus,2024,666,0.0,1,1
bus,2024,67,3759.0,165,12
bus,2024,68,11317.0,455,39
bus,2024,69,2422.0,131,7
bus,2024,7,11336.0,966,113
bus,2024,70,3556.0,287,57
bus,2024,71,5318.0,260,13
bus,2024,72,7168.0,464,58
bus,2024,73,9110.0,344,26
bus,2024,74,1769.0,73,12
bus,2024,75,7003.0,506,85
bus,2024,76,3176.0,253,15
bus,2024,77,1841.0,50,4
bus,2024,78,3809.0,132,8
bus,2024,79,8639.0,407,55
bus,2024,8,4197.0,146,13
bus,2024,80,4607.0,190,27
bus,2024,81,1086.0,82,23
bus,2024,82,1046.0,47,12
bus,2024,83,1570.0,84,8
bus,2024,84,9983.0,603,32
bus,2024,8441,20.0,1,0
bus,2024,85,16788.0,957,40
bus,2024,86,11053.0,715,37
bus,2024,8600,23.0,1,0
bus,2024,87,1995.0,93,16
bus,2024,88,4672.0,203,41
bus,2024,89,8181.0,616,47
bus,2024,899,0.0,11,11
bus,2024,9,5420.0,202,10
bus,2024,90,5306.0,310,32
bus,2024,900,3765.0,401,41
bus,2024,902,2957.0,239,6
bus,2024,903,5720.0,420,17
bus,2024,904,2167.0,134,5
bus,2024,905,4326.0,311,14
bus,2024,91,6914.0,279,73
bus,2024,92,1346.0,96,14
bus,2024,924,1679.0,150,7
bus,2024,925,5042.0,405,84
bus,2024,9259,8.0,1,0
bus,2024,927,7238.0,532,33
bus,2024,929,9381.0,838,75
bus,2024,93,882.0,40,6
bus,2024,935,7540.0,541,30
bus,2024,937,2343.0,159,10
bus,2024,938,36.0,4,1
bus,2024,939,12805.0,845,40
bus,2024,94,8045.0,384,43
bus,2024,941,3285.0,192,22
bus,2024,943,7.0,1,0
bus,2024,944,976.0,85,4
bus,2024,945,1897.0,174,10
bus,2024,95,14402.0,1021,45
bus,2024,950,12.0,1,0
bus,2024,952,3613.0,243,34
bus,2024,953,1155.0,72,5
bus,2024,954,1121.0,89,4
bus,2024,955,15.0,1,0
bus,2024,96,19134.0,936,72
bus,2024,960,8877.0,727,65
bus,2024,966,42.0,3,0
bus,2024,968,1364.0,69,5
bus,2024,97,13745.0,407,40
bus,2024,98,5289.0,183,21
bus,2024,984,1832.0,155,8
bus,2024,985,7594.0,510,18
bus,2024,986,1568.0,151,3
bus,2024,989,2250.0,145,7
bus,2024,99,2205.0,81,10
bus,2024,995,3778.0,280,16
bus,2024,996,4682.0,370,27
bus,2024,A,0.0,1,1
bus,2024,BATHURST,10.0,1,0
bus,2024,BD,28.0,12,10
bus,2024,CNE,0.0,1,1
bus,2024,D,0.0,1,1
bus,2024,LESLIE,19.0,1,0
bus,2024,LINE 1,27.0,32,24
bus,2024,LINE 2,59.0,20,13
bus,2024,LINE 4,25.0,1,0
bus,2024,M169,0.0,1,1
bus,2024,MOBILE 104,0.0,1,1
bus,2024,MULTIPLE,0.0,1,1
bus,2024,OPERATED,0.0,1,1
bus,2024,OTC,0.0,6,6
bus,2024,OUT,0.0,1,1
bus,2024,RAD,5.0,6,5
bus,2024,RAD (57,0.0,1,1
bus,2024,RAD 202,20.0,1,0
bus,2024,RAD 600,3.0,2,1
bus,2024,SHELTER,0.0,2,2
bus,2024,SHUTTLE,12.0,6,4
bus,2024,SRT,0.0,4,4
bus,2024,SUBWAY,0.0,2,2
bus,2024,TBM,0.0,1,1
bus,2024,TRAINING,0.0,1,1
bus,2024,TTC,0.0,1,1
bus,2024,VARIOUS,0.0,1,1
bus,2024,YU,0.0,6,6
bus,2025,,1667.0,757,681
bus,2025,08,22.0,1,0
bus,2025,09 BELLAMY,92.0,1,0
bus,2025,1 LINE SHUTTLE,10.0,3,2
bus,2025,1 SHUTTLE,7.0,5,4
bus,2025,1 SHUTTLE BUS,0.0,1,1
bus,2025,10 VAN HORNE,408.0,15,0
bus,2025,100,5746.0,695,158
bus,2025,101,2582.0,78,4
bus,2025,102,21562.0,1185,51
bus,2025,102D,293.0,3,1
bus,2025,103,343.0,14,0
bus,2025,104,4629.0,138,10
bus,2025,105,2498.0,142,15
bus,2025,106,3265.0,172,24
bus,2025,107,4647.0,134,21
bus,2025,108,7571.0,335,23
bus,2025,109,5895.0,204,64
bus,2025,11 BAYVIEW,6560.0,339,65
bus,2025,110,8476.0,362,14
bus,2025,111,3018.0,232,22
bus,2025,112,7072.0,347,22
bus,2025,113,4624.0,189,15
bus,2025,114,3845.0,259,29
bus,2025,115,363.0,16,2
bus,2025,116,9933.0,926,74
bus,2025,117,1443.0,33,3
bus,2025,118,4742.0,157,15
bus,2025,119,2670.0,85,3
bus,2025,12 KINGSTON ROAD,11163.0,457,37
bus,2025,120,2976.0,99,8
bus,2025,1202,46.0,2,0
bus,2025,121,6831.0,238,20
bus,2025,122,4376.0,259,24
bus,2025,123,7775.0,405,15
bus,2025,123C,30.0,1,0
bus,2025,124,2445.0,153,6
bus,2025,125,1207.0,117,34
bus,2025,126,3287.0,111,13
bus,2025,127,4200.0,122,7
bus,2025,128,1107.0,42,3
bus,2025,129,12769.0,543,33
bus,2025,13 AVENUE ROAD,5057.0,144,23
bus,2025,130,6225.0,232,24
bus,2025,131,7622.0,439,17
bus,2025,132,1362.0,59,10
bus,2025,133,10781.0,625,68
bus,2025,134,6226.0,280,29
bus,2025,135,2294.0,93,9
bus,2025,14,22.0,1,0
bus,2025,14 GLENCAIRN,5842.0,176,9
bus,2025,14 GLENCAIRN / 28 BAYV,30.0,1,0
bus,2025,14 GLENCAIRN/ 28,30.0,1,0
bus,2025,147,19.0,1,0
bus,2025,149,3706.0,152,5
bus,2025,15 EVANS,2895.0,108,5
bus,2025,154,5919.0,224,44
bus,2025,16 MCCOWAN,4836.0,338,26
bus,2025,160,5881.0,283,121
bus,2025,161,7345.0,321,43
bus,2025,162,2779.0,93,15
bus,2025,164,729.0,23,0
bus,2025,165,11392.0,986,90
bus,2025,166,97.0,5,1
bus,2025,167,2862.0,80,7
bus,2025,168,5382.0,289,26
bus,2025,169,5687.0,184,9
bus,2025,17 BIRCHMOUNT,6700.0,280,17
bus,2025,171,749.0,31,3
bus,2025,184,355.0,14,1
bus,2025,185,3162.0,137,7
bus,2025,189,1359.0,39,3
bus,2025,19 BAY,6971.0,221,20
bus,2025,191,409.0,19,1
bus,2025,20 CLIFFSIDE,5789.0,236,18
bus,2025,200,205.0,12,2
bus,2025,201,576.0,29,5
bus,2025,202,1628.0,69,26
bus,2025,203,30.0,2,0
bus,2025,21 BRIMLEY,7246.0,356,46
bus,2025,22 COXWELL,3485.0,202,14
bus,2025,23 DAWES,2375.0,205,18
bus,2025,24 VICTORIA PARK,10887.0,749,47
bus,2025,24B VICTORIA PARK,89.0,1,0
bus,2025,25 DON MILLS,8015.0,931,180
bus,2025,26 DUPONT,6576.0,221,25
bus,2025,28 BAYVIEW,237.0,1,0
bus,2025,28 BAYVIEW SOUTH,1260.0,17,1
bus,2025,29 DUFFERIN,18293.0,1203,159
bus,2025,29 DUFFERIN / 929 DUFF,54.0,1,0
bus,2025,29 DUFFERIN EXPRESS,8.0,1,0
bus,2025,29C DUFFERIN,542.0,2,0
bus,2025,30 HIGH PARK,601.0,20,2
bus,2025,30 HIGH PARK NORTH,2250.0,74,4
bus,2025,300,6132.0,423,166
bus,2025,301,15.0,2,1
bus,2025,302,1844.0,28,6
bus,2025,304,169.0,2,0
bus,2025,305,8.0,1,0
bus,2025,306,14.0,1,0
bus,2025,307,1834.0,75,24
bus,2025,31 GREENWOOD,3888.0,222,20
bus,2025,315,230.0,5,2
bus,2025,32 (C) EGLINTON WEST,0.0,1,1
bus,2025,32 EGLINTON EAST,36.0,1,0
bus,2025,32 EGLINTON WEST,21806.0,1700,207
bus,2025,32 EGLINTON WEST (RAD),10.0,1,0
bus,2025,320,3675.0,463,230
bus,2025,322,1405.0,33,6
bus,2025,324,1521.0,16,2
bus,2025,325,1996.0,44,8
bus,2025,329,1376.0,48,17
bus,2025,32A EGLINTON WEST,14.0,1,0
bus,2025,32C EGLINTON WEST,35.0,1,0
bus,2025,33 FOREST HILL,2908.0,88,9
bus,2025,332,1217.0,38,7
bus,2025,334,2623.0,74,31
bus,2025,335,765.0,38,10
bus,2025,336,1885.0,59,16
bus,2025,337,599.0,18,3
bus,2025,339,614.0,38,17
bus,2025,34 EGLINTON EAST,10879.0,836,67
bus,2025,34 EGLINTON EAST - C B,280.0,2,0
bus,2025,340,120.0,6,2
bus,2025,341,436.0,17,5
bus,2025,343,1702.0,28,2
bus,2025,34C EGLINTON EAST,196.0,1,0
bus,2025,35 JANE,11068.0,862,83
bus,2025,35 JANE (TRAINING BUS),0.0,1,1
bus,2025,35 JANE - B BRANCH,10.0,1,0
bus,2025,352,1334.0,49,17
bus,2025,353,1045.0,45,18
bus,2025,354,1992.0,35,6
bus,2025,36 FINCH WEST,10504.0,1205,98
bus,2025,363,1011.0,25,1
bus,2025,365,329.0,8,1
bus,2025,368,30.0,1,0
bus,2025,37 ISLINGTON,13882.0,644,49
bus,2025,37 ISLINGTON (A-BRANCH,38.0,1,0
bus,2025,38 HIGHLAND CREEK,10872.0,662,35
bus,2025,384,165.0,9,4
bus,2025,385,974.0,25,10
bus,2025,386,150.0,1,0
bus,2025,39 FINCH EAST,11242.0,642,56
bus,2025,393,35.0,1,0
bus,2025,3935,12.0,1,0
bus,2025,395,533.0,21,3
bus,2025,396,604.0,27,8
bus,2025,39B FINCH EAST,428.0,3,0
bus,2025,39C FINCH EAST,21.0,1,0
bus,2025,40 JUNCTION-DUNDAS WES,7839.0,300,20
bus,2025,41,8.0,2,1
bus,2025,41 KEELE,9075.0,660,56
bus,2025,42 CUMMER,6961.0,317,23
bus,2025,43 KENNEDY,11307.0,725,39
bus,2025,439,18.0,1,0
bus,2025,44 KIPLING SOUTH,4506.0,463,25
bus,2025,444,10.0,1,0
bus,2025,45 KIPLING,7379.0,433,33
bus,2025,46 MARTIN GROVE,5151.0,238,14
bus,2025,47,20.0,1,0
bus,2025,47 LANSDOWNE,14281.0,793,79
bus,2025,47 LANSDOWNE (RAD BUS),10.0,1,0
bus,2025,47 LANSDOWNE - A BRANC,150.0,1,0
bus,2025,48 RATHBURN,2103.0,65,2
bus,2025,49 BLOOR WEST,1231.0,55,3
bus,2025,50 BURNHAMTHORPE,2206.0,114,9
bus,2025,500,5.0,1,0
bus,2025,501,128.0,11,5
bus,2025,503,154.0,17,1
bus,2025,504,345.0,44,7
bus,2025,505,30.0,4,1
bus,2025,506,327.0,17,7
bus,2025,507,10.0,2,1
bus,2025,508,0.0,1,1
bus,2025,509,57.0,8,1
bus,2025,51 LESLIE,6405.0,252,50
bus,2025,510,96.0,25,4
bus,2025,511,373.0,16,4
bus,2025,512,103.0,11,5
bus,2025,513,10.0,1,0
bus,2025,52,70.0,4,0
bus,2025,52 LAWRENCE WEST,29523.0,1552,124
bus,2025,52 LAWRENCE WEST & 952,73.0,1,0
bus,2025,52B LAWRENCE WEST,171.0,1,0
bus,2025,52F LAWRENCE WEST,0.0,1,1
bus,2025,53 STEELES EAST,12656.0,856,63
bus,2025,534,9.0,1,0
bus,2025,54,0.0,1,1
bus,2025,54 LAWRENCE EAST,17684.0,1104,93
bus,2025,55 WARREN PARK,2453.0,69,7
bus,2025,555,0.0,16,16
bus,2025,56 LEASIDE,4145.0,235,42
bus,2025,57 MIDLAND,4944.0,276,12
bus,2025,59 MAPLE LEAF,6307.0,212,42
bus,2025,59 MAPLE LEAF (A-BRANC,119.0,1,0
bus,2025,60 STEELES WEST,5031.0,452,39
bus,2025,600,354.0,318,258
bus,2025,600RAD,0.0,7,7
bus,2025,601RAD,0.0,1,1
bus,2025,61 AVENUE ROAD NORTH,2443.0,138,48
bus,2025,61 AVENUE ROAD NORTH (,0.0,1,1
bus,2025,62 MORTIMER,3777.0,177,8
bus,2025,63,124.0,4,0
bus,2025,63 OSSINGTON,14079.0,1006,104
bus,2025,64 MAIN,8848.0,480,32
bus,2025,65 PARLIAMENT,4950.0,280,27
bus,2025,66 PRINCE EDWARD,2909.0,142,18
bus,2025,67 PHARMACY,4927.0,245,26
bus,2025,68 WARDEN,12001.0,525,39
bus,2025,69,18.0,1,0
bus,2025,69 WARDEN SOUTH,7093.0,289,11
bus,2025,7 BATHURST,13553.0,1158,163
bus,2025,7 BATHURST (RAD),0.0,1,1
bus,2025,70 O'CONNOR,3493.0,229,26
bus,2025,705,5.0,1,0
bus,2025,71 RUNNYMEDE,4531.0,204,10
bus,2025,7107,10.0,1,0
bus,2025,72 PAPE,8159.0,574,56
bus,2025,73 ROYAL YORK,8602.0,354,25
bus,2025,74 MOUNT PLEASANT,1568.0,60,4
bus,2025,74 MT. PLEASANT,813.0,29,5
bus,2025,75 SHERBOURNE,8206.0,504,53
bus,2025,76,0.0,1,1
bus,2025,76 ROYAL YORK SOUTH,3350.0,259,20
bus,2025,76 ROYAL YORK SOUTH (B,0.0,1,1
bus,2025,77 SWANSEA,1936.0,81,11
bus,2025,77 SWANSEA (LINE 2 SHU,15.0,1,0
bus,2025,78 ST. ANDREWS,3156.0,134,10
bus,2025,79 SCARLETT ROAD,5832.0,279,33
bus,2025,7935,0.0,1,1
bus,2025,79A SCARLETT ROAD,30.0,1,0
bus,2025,79B SCARLETT ROAD,24.0,1,0
bus,2025,8 BROADVIEW,5590.0,203,15
bus,2025,80 QUEENSWAY,6219.0,271,23
bus,2025,80 QUEENSWAY (RAD),0.0,1,1
bus,2025,806,10.0,1,0
bus,2025,82 ROSEDALE,2343.0,44,1
bus,2025,825,15.0,1,0
bus,2025,827,13.0,1,0
bus,2025,83 JONES,2514.0,128,18
bus,2025,831,0.0,1,1
bus,2025,84 SHEPPARD,0.0,1,1
bus,2025,84 SHEPPARD WEST,9276.0,656,39
bus,2025,84 SHEPPARD WEST 984,57.0,1,0
bus,2025,85 SHEPPARD EAST,14999.0,948,71
bus,2025,85 SHEPPARD EAST / 985,18.0,1,0
bus,2025,86,12.0,2,0
bus,2025,86 SCARBOROUGH,13734.0,858,47
bus,2025,87 COSBURN,2467.0,106,13
bus,2025,88 SHOUTH LEASIDE,10.0,1,0
bus,2025,88 SOUTH LEASIDE,7165.0,226,31
bus,2025,89,20.0,2,0
bus,2025,89 WESTON,7500.0,650,62
bus,2025,89/ / 989 WESTON,193.0,1,0
bus,2025,899,0.0,15,15
bus,2025,9 BELLAMY,5908.0,236,10
bus,2025,9*7,0.0,1,1
bus,2025,90 VAUGHAN,2817.0,238,45
bus,2025,900,3666.0,354,69
bus,2025,902,4988.0,322,20
bus,2025,9020,12.0,1,0
bus,2025,903,7026.0,514,69
bus,2025,904,8324.0,529,45
bus,2025,905,4114.0,304,16
bus,2025,9060,0.0,1,1
bus,2025,91 WOODBINE,3749.0,213,67
bus,2025,9129,5.0,1,0
bus,2025,913,0.0,1,1
bus,2025,92 WOODBINE SOUTH,2460.0,154,19
bus,2025,924,2685.0,241,9
bus,2025,925,5972.0,549,127
bus,2025,9252,12.0,1,0
bus,2025,927,6550.0,535,40
bus,2025,927D,48.0,1,0
bus,2025,929,8343.0,734,104
bus,2025,93 PARKVIEW HILLS,1178.0,44,4
bus,2025,935,4666.0,384,32
bus,2025,937,1389.0,100,4
bus,2025,938,124.0,11,4
bus,2025,939,16580.0,1088,66
bus,2025,939B,130.0,2,0
bus,2025,94 WELLESLEY,10287.0,479,46
bus,2025,94 WELLESLEY - STATION,7.0,1,0
bus,2025,941,1748.0,115,8
bus,2025,944,611.0,59,2
bus,2025,945,2357.0,181,9
bus,2025,9484,10.0,1,0
bus,2025,94A WELLESLEY,25.0,1,0
bus,2025,95 YORK MILLS,12757.0,953,64
bus,2025,95 YORK MILLS/995 YORK,196.0,1,0
bus,2025,952,2371.0,216,34
bus,2025,953,1702.0,58,1
bus,2025,9535,15.0,1,0
bus,2025,954,1545.0,109,10
bus,2025,956,10.0,2,0
bus,2025,9584,0.0,1,1
bus,2025,96,16.0,1,0
bus,2025,96 WILSON,16847.0,941,109
bus,2025,96 WILSON (OTC),0.0,1,1
bus,2025,960,6455.0,628,69
bus,2025,968,1739.0,84,12
bus,2025,97 YONGE,22073.0,632,87
bus,2025,97 YONGE (C BRANCH),265.0,1,0
bus,2025,97B YONGE,25.0,1,0
bus,2025,97C YONGE,0.0,3,3
bus,2025,98 WILLOWDALE-SENLAC,3610.0,153,16
bus,2025,984,2573.0,162,13
bus,2025,985,2294.0,177,21
bus,2025,986,1524.0,147,4
bus,2025,989,3418.0,195,26
bus,2025,99,88.0,1,0
bus,2025,99 ARROW ROAD,1100.0,50,5
bus,2025,995,4864.0,378,15
bus,2025,996,7289.0,576,74
bus,2025,9984,20.0,2,0
bus,2025,9985,12.0,1,0
bus,2025,999,20.0,10,8
bus,2025,A,0.0,5,5
bus,2025,A150,0.0,1,1
bus,2025,A304,0.0,1,1
bus,2025,A356,0.0,1,1
bus,2025,A421,0.0,1,1
bus,2025,A433,0.0,1,1
bus,2025,BD,60.0,11,8
bus,2025,CHARTERED BUS,0.0,1,1
bus,2025,CNE SHUTTLES,0.0,1,1
bus,2025,CONSTRUCTION BUS,0.0,1,1
bus,2025,EMERGENCY SHUTTLE,0.0,1,1
bus,2025,FLEET,0.0,4,4
bus,2025,FLEET 079,0.0,1,1
bus,2025,FLEET 898,0.0,1,1
bus,2025,FLEET A,0.0,1,1
bus,2025,FLEET A398,0.0,1,1
bus,2025,FLEET VEHICLE,0.0,1,1
bus,2025,HARVEY SHOP REPAIR PER,0.0,1,1
bus,2025,LINE 1,0.0,1,1
bus,2025,LINE 1 - SHUTTLE,0.0,1,1
bus,2025,LINE 1 SHUTTLE,242.0,44,31
bus,2025,LINE 1 SHUTTLE (600 RA,0.0,1,1
bus,2025,LINE 1 SHUTTLE (RAD),0.0,1,1
bus,2025,LINE 1 SHUTTLE BUS,0.0,3,3
bus,2025,LINE 2,23.0,3,1
bus,2025,LINE 2 SHUTLLE,2.0,1,0
bus,2025,LINE 2 SHUTTLE,349.0,27,12
bus,2025,LINE 2 SHUTTLE (RAD BU,2.0,1,0
bus,2025,LINE 2 SHUTTLE - 600 R,0.0,1,1
bus,2025,LINE 2 SHUTTLE BUS,14.0,8,4
bus,2025,MT DENNIS TEST BUS,0.0,1,1
bus,2025,NIGHT TRADES,0.0,1,1
bus,2025,OTC,0.0,5,5
bus,2025,OTC BUS,0.0,3,3
bus,2025,OTC TRAINING BUS,0.0,3,3
bus,2025,RAD,224.0,22,17
bus,2025,RAD (600),0.0,1,1
bus,2025,RAD 600,5.0,4,3
bus,2025,RAD 63,0.0,1,1
bus,2025,RAD 72 PAPE,0.0,1,1
bus,2025,RAD 999,0.0,1,1
bus,2025,RAD BUS,0.0,2,2
bus,2025,REVENUE DEPARTMENT,0.0,1,1
bus,2025,REVENUE TRUCK 85,0.0,1,1
bus,2025,SHP,0.0,2,2
bus,2025,SHUTTLE BUS,53.0,22,13
bus,2025,SHUTTLE BUS - LINE 1,0.0,1,1
bus,2025,SHUTTLE LINE 1,0.0,2,2
bus,2025,SRT,0.0,19,19
bus,2025,TBM,0.0,2,2
bus,2025,TRAINING BUS,10.0,12,11
bus,2025,VISION ISSUES,0.0,1,1
bus,2025,YU,10.0,16,15
bus,2026,,350.0,484,465
bus,2026,10 VAN HORNE,445.0,12,1
bus,2026,100,3478.0,372,61
bus,2026,101,4044.0,127,12
bus,2026,102,13807.0,791,28
bus,2026,103,784.0,32,3
bus,2026,104,2729.0,86,3
bus,2026,105,1487.0,59,4
bus,2026,106,2301.0,103,19
bus,2026,107,2171.0,29,3
bus,2026,108,5687.0,221,31
bus,2026,109,3055.0,98,6
bus,2026,11 BAYVIEW,5618.0,235,38
bus,2026,110,5332.0,213,16
bus,2026,111,2571.0,136,17
bus,2026,112,5834.0,255,18
bus,2026,113,3395.0,138,21
bus,2026,114,2834.0,190,23
bus,2026,115,820.0,14,0
bus,2026,116,6324.0,637,54
bus,2026,117,525.0,25,1
bus,2026,1174,18.0,1,0
bus,2026,118,3298.0,125,9
bus,2026,119,2028.0,54,5
bus,2026,12 KINGSTON ROAD,6508.0,271,19
bus,2026,120,2103.0,67,6
bus,2026,121,3011.0,96,8
bus,2026,122,3343.0,140,8
bus,2026,123,5377.0,277,26
bus,2026,124,1293.0,82,7
bus,2026,125,988.0,75,8
bus,2026,126,1655.0,61,8
bus,2026,127,2583.0,95,10
bus,2026,129,7767.0,318,24
bus,2026,13 AVENUE ROAD,3230.0,105,7
bus,2026,130,5673.0,191,8
bus,2026,131,5045.0,247,11
bus,2026,132,1686.0,46,4
bus,2026,133,7014.0,421,27
bus,2026,134,3137.0,155,12
bus,2026,135,2066.0,71,5
bus,2026,14,34.0,1,0
bus,2026,14 GLENCAIRN,5092.0,133,7
bus,2026,149,1934.0,68,6
bus,2026,15 EVANS,1137.0,48,5
bus,2026,151,1282.0,46,3
bus,2026,154,4522.0,171,28
bus,2026,156,819.0,23,2
bus,2026,158,2273.0,117,6
bus,2026,16 MCCOWAN,4345.0,242,24
bus,2026,160,2825.0,103,24
bus,2026,161,4159.0,222,36
bus,2026,162,4339.0,114,24
bus,2026,164,2323.0,74,6
bus,2026,165,6109.0,503,45
bus,2026,166,1283.0,51,5
bus,2026,167,1865.0,46,4
bus,2026,168,3202.0,196,25
bus,2026,169,3019.0,85,3
bus,2026,17 BIRCHMOUNT,5025.0,201,6
bus,2026,171,1835.0,72,9
bus,2026,18 CALEDONIA,1422.0,59,4
bus,2026,184,397.0,5,0
bus,2026,185,1516.0,68,8
bus,2026,189,710.0,17,0
bus,2026,19 BAY,3009.0,103,5
bus,2026,191,1639.0,55,0
bus,2026,20 CLIFFSIDE,4162.0,163,24
bus,2026,20 CLIFFSIDE (RAD),0.0,1,1
bus,2026,200,294.0,15,0
bus,2026,201,679.0,28,11
bus,2026,202,2250.0,83,30
bus,2026,203,344.0,6,0
bus,2026,21 BRIMLEY,4384.0,187,13
bus,2026,22,10.0,1,0
bus,2026,22 COXWELL,1659.0,115,10
bus,2026,23,230.0,1,0
bus,2026,23 DAWES,1689.0,101,6
bus,2026,238,12.0,1,0
bus,2026,24 VICTORIA PARK,5957.0,442,43
bus,2026,25,7.0,1,0
bus,2026,25 DON MILLS,5668.0,558,72
bus,2026,25 DON MILLS (600),0.0,1,1
bus,2026,26 DUPONT,3719.0,143,20
bus,2026,27 JANE SOUTH,2259.0,185,22
bus,2026,28 BAYVIEW SOUTH,872.0,19,1
bus,2026,29 DUFFERIN,8951.0,673,74
bus,2026,30 HIGH PARK NORTH,2178.0,76,2
bus,2026,300,3488.0,292,117
bus,2026,301,32.0,5,3
bus,2026,302,0.0,2,2
bus,2026,305,5.0,1,0
bus,2026,307,1123.0,41,10
bus,2026,31 GREENWOOD,2084.0,93,9
bus,2026,312,0.0,1,1
bus,2026,315,60.0,2,0
bus,2026,316,411.0,10,2
bus,2026,32 EGLINTON WEST,6733.0,423,39
bus,2026,320,2596.0,322,171
bus,2026,322,442.0,16,5
bus,2026,324,180.0,10,4
bus,2026,325,865.0,16,1
bus,2026,329,1011.0,40,12
bus,2026,32C EGLINTON WEST,0.0,1,1
bus,2026,33 FOREST HILL,3168.0,73,3
bus,2026,332,30.0,1,0
bus,2026,334,3681.0,106,26
bus,2026,335,626.0,22,6
bus,2026,336,985.0,33,7
bus,2026,337,432.0,14,5
bus,2026,339,705.0,31,11
bus,2026,34 EGLINTON,6807.0,341,26
bus,2026,34 EGLINTON - RAD,0.0,1,1
bus,2026,34 EGLINTON EAST,1128.0,89,9
bus,2026,340,384.0,13,2
bus,2026,341,954.0,28,6
bus,2026,343,509.0,8,3
bus,2026,35 JANE,9334.0,628,51
bus,2026,35 JANE (A-BRANCH),79.0,1,0
bus,2026,352,413.0,13,4
bus,2026,353,818.0,39,19
bus,2026,354,411.0,14,4
bus,2026,36 FINCH WEST,2228.0,293,35
bus,2026,363,468.0,10,1
bus,2026,365,30.0,1,0
bus,2026,37 ISLINGTON,9724.0,421,45
bus,2026,38 HIGHLAND CREEK,6385.0,386,20
bus,2026,384,419.0,5,0
bus,2026,385,834.0,21,6
bus,2026,386,451.0,19,7
bus,2026,39 FINCH EAST,7311.0,406,52
bus,2026,39 FINCH EAST (RAD),0.0,1,1
bus,2026,39 FINCH WEST,18.0,1,0
bus,2026,395,332.0,13,2
bus,2026,396,555.0,30,9
bus,2026,3X - 600,0.0,1,1
bus,2026,40 JUNCTION-DUNDAS WES,5475.0,231,22
bus,2026,41 KEELE,8275.0,564,46
bus,2026,42 CUMMER,5787.0,207,17
bus,2026,42 CUMMER - 600 RAD,0.0,1,1
bus,2026,43 KENNEDY,6863.0,400,32
bus,2026,43 KENNEDY (320 YONGE,3.0,1,0
bus,2026,44 KIPLING SOUTH,1666.0,197,6
bus,2026,45 KIPLING,5183.0,338,25
bus,2026,46 MARTIN GROVE,2494.0,136,15
bus,2026,47,8.0,1,0
bus,2026,47 LANSDOWNE,5401.0,505,81
bus,2026,48 RATHBURN,1399.0,55,1
bus,2026,49 BLOOR WEST,793.0,37,5
bus,2026,50 BURNHAMTHORPE,2186.0,70,12
bus,2026,50 BURNHAMTHORPE - RAD,0.0,1,1
bus,2026,501,70.0,10,5
bus,2026,503,593.0,55,2
bus,2026,504,132.0,14,1
bus,2026,505,69.0,5,1
bus,2026,506,340.0,20,3
bus,2026,507,200.0,23,3
bus,2026,51 LESLIE,4833.0,225,26
bus,2026,510,40.0,4,1
bus,2026,512,44.0,8,3
bus,2026,52,52.0,1,0
bus,2026,52 BURNHAMTHORPE,24.0,1,0
bus,2026,52 LAWRENCE WEST,17082.0,830,84
bus,2026,53 STEELES EAST,8916.0,572,51
bus,2026,54,231.0,1,0
bus,2026,54 LAWRENCE EAST,8745.0,506,37
bus,2026,55 WARREN PARK,1702.0,46,4
bus,2026,555,0.0,14,14
bus,2026,56 LEASIDE,543.0,32,7
bus,2026,57 MIDLAND,3866.0,202,41
bus,2026,59 MAPLE LEAF,4764.0,137,6
bus,2026,60 STEELES WEST,3599.0,287,25
bus,2026,60 STEELES WEST(600 RA,0.0,1,1
bus,2026,600,300.0,231,196
bus,2026,600RAD,0.0,1,1
bus,2026,61 AVENUE ROAD NORTH,1609.0,97,9
bus,2026,62 MORTIMER,3392.0,120,3
bus,2026,63 OSSINGTON,7916.0,645,73
bus,2026,63 OSSINGTON (RAD),5.0,1,0
bus,2026,64,121.0,1,0
bus,2026,64 MAIN,4349.0,315,27
bus,2026,65 PARLIAMENT,4959.0,220,15
bus,2026,66 PRINCE EDWARD,2767.0,111,9
bus,2026,66B PRINCE EDWARD,120.0,1,0
bus,2026,67 PHARMACY,3493.0,148,11
bus,2026,68 WARDEN,5994.0,278,43
bus,2026,68 WARDEN (B-BRANCH),202.0,1,0
bus,2026,69 WARDEN SOUTH,4588.0,180,9
bus,2026,7,10.0,1,0
bus,2026,7 BATHURST,7752.0,675,59
bus,2026,7 BATHURST (600),0.0,1,1
bus,2026,7 BATHURST - 600 RAD,0.0,1,1
bus,2026,70 O'CONNOR,2890.0,196,24
bus,2026,71 RUNNYMEDE,3009.0,154,10
bus,2026,72,6.0,1,0
bus,2026,72 PAPE,5805.0,495,32
bus,2026,73 ROYAL YORK,6208.0,245,23
bus,2026,73B ROYAL YORK,0.0,1,1
bus,2026,74 MOUNT PLEASANT,1426.0,62,5
bus,2026,75 SHERBOURNE,5221.0,311,28
bus,2026,76,20.0,2,0
bus,2026,76 ROYAL YORK SOUTH,1737.0,138,15
bus,2026,77 SWANSEA,2687.0,56,3
bus,2026,77 SWANSEA (1 BUS ROUT,27.0,1,0
bus,2026,78 ST. ANDREWS,2224.0,98,5
bus,2026,79 SCARLETT ROAD,4641.0,203,31
bus,2026,8 BROADVIEW,3570.0,117,6
bus,2026,80 QUEENSWAY,3510.0,130,11
bus,2026,805,173.0,9,2
bus,2026,806,125.0,3,0
bus,2026,82 ROSEDALE,1227.0,34,4
bus,2026,829,8.0,5,4
bus,2026,83 JONES,1800.0,87,5
bus,2026,84 SHEPPARD WEST,6265.0,417,46
bus,2026,8468,18.0,1,0
bus,2026,85 SHEPPARD EAST,9321.0,553,32
bus,2026,86 SCARBOROUGH,9752.0,633,56
bus,2026,87 COSBURN,1828.0,69,6
bus,2026,88 SOUTH LEASIDE,3686.0,121,12
bus,2026,882,0.0,1,1
bus,2026,889,6.0,1,0
bus,2026,89 WESTON,6212.0,472,34
bus,2026,899,0.0,4,4
bus,2026,9 BELLAMY,3507.0,147,3
bus,2026,9/16/21/38/43/95/129/1,0.0,1,1
bus,2026,90 VAUGHAN,2415.0,177,20
bus,2026,900,2024.0,245,79
bus,2026,9000,15.0,1,0
bus,2026,902,3648.0,241,11
bus,2026,903,3272.0,207,20
bus,2026,904,4880.0,289,12
bus,2026,905,3268.0,237,8
bus,2026,906,1555.0,93,9
bus,2026,91 WOODBINE,2505.0,108,19
bus,2026,92 WOODBINE SOUTH,1085.0,85,12
bus,2026,924,1203.0,134,14
bus,2026,925,3193.0,296,47
bus,2026,927,5476.0,377,20
bus,2026,929,4934.0,431,28
bus,2026,93 PARKVIEW HILLS,1027.0,25,1
bus,2026,93 WOODBINE SOUTH,0.0,1,1
bus,2026,935,3916.0,348,60
bus,2026,937,1811.0,91,8
bus,2026,938,21.0,2,1
bus,2026,939,11016.0,639,67
bus,2026,94 WELLESLEY,5902.0,254,26
bus,2026,941,1627.0,113,12
bus,2026,944,23.0,5,2
bus,2026,945,1033.0,89,3
bus,2026,95 YORK MILLS,7860.0,523,33
bus,2026,952,1695.0,133,19
bus,2026,953,809.0,43,2
bus,2026,954,1187.0,77,5
bus,2026,9560,8.0,1,0
bus,2026,96,16.0,1,0
bus,2026,96 WILSON,9277.0,562,70
bus,2026,960,4929.0,444,41
bus,2026,968,1077.0,52,6
bus,2026,96B WILSON,24.0,1,0
bus,2026,97,149.0,2,0
bus,2026,97 YONGE,14598.0,375,36
bus,2026,98 WILLOWDALE-SENLAC,3416.0,121,5
bus,2026,984,936.0,74,14
bus,2026,985,1258.0,81,2
bus,2026,986,1251.0,131,5
bus,2026,989,2333.0,132,12
bus,2026,99 ARROW ROAD,635.0,36,2
bus,2026,995,2765.0,235,11
bus,2026,996,3426.0,299,61
bus,2026,999,0.0,11,11
bus,2026,9999,0.0,1,1
bus,2026,A,0.0,7,7
bus,2026,A521,0.0,1,1
bus,2026,ALL ROUTES,0.0,1,1
bus,2026,BATHURST,10.0,1,0
bus,2026,BD,42.0,7,5
bus,2026,CONSTRUCTION BUS,0.0,1,1
bus,2026,DIVISIONAL CLERK,0.0,1,1
bus,2026,DIVISIONAL TRAINING,0.0,1,1
bus,2026,EC,0.0,1,1
bus,2026,FIFA TPS CHARTER,0.0,1,1
bus,2026,FLEET VEHICLE,0.0,7,7
bus,2026,GARAGE MECHANIC ROUTIN,0.0,1,1
bus,2026,HILLCREST COMPLEX,0.0,1,1
bus,2026,LINE #2 SHUTTLE,0.0,1,1
bus,2026,LINE #6 SHUTTLE,0.0,1,1
bus,2026,LINE 1 SHUTTLE,6.0,21,18
bus,2026,LINE 1 SHUTTLE BUS,0.0,1,1
bus,2026,LINE 2,0.0,1,1
bus,2026,LINE 2 SHUTLE,0.0,1,1
bus,2026,LINE 2 SHUTTLE,15.0,25,21
bus,2026,LINE 2 SHUTTLE BUS,0.0,1,1
bus,2026,LINE 4 SHUTTLE,4.0,2,1
bus,2026,LINE 5 SHUTTLE,10.0,1,0
bus,2026,LINE 6 SHUTTLE,10.0,3,2
bus,2026,LINE 6 SHUTTLE BUS,10.0,1,0
bus,2026,LINE SHUTTLE,49.0,1,0
bus,2026,MCCOWAN,0.0,1,1
bus,2026,OPERATIONS TRAINING CE,0.0,1,1
bus,2026,OTC,0.0,5,5
bus,2026,OTC BUS,0.0,2,2
bus,2026,OTC TRAINING BUS,0.0,2,2
bus,2026,R,0.0,1,1
bus,2026,R5 - DODGE RAM FLEET V,0.0,1,1
bus,2026,RAD,6.0,3,2
bus,2026,RAD - 151 LESLIE,0.0,1,1
bus,2026,RAD - 53 STEELES EAST,0.0,1,1
bus,2026,RAD - 806,0.0,1,1
bus,2026,RAD 600,19.0,1,0
bus,2026,RAD 600 - 506 CARLTON,0.0,1,1
bus,2026,RENTAL FLEET VEHICLE,0.0,1,1
bus,2026,REVENUE OPERATIONS TRU,0.0,1,1
bus,2026,REVENUE SERVICES,0.0,1,1
bus,2026,ROAD TEST,0.0,1,1
bus,2026,SHELTER BUS,0.0,1,1
bus,2026,SHEPPARD-KENNEDY EXPRE,15.0,1,0
bus,2026,SHP,0.0,2,2
bus,2026,SHUTTLE,10.0,1,0
bus,2026,SHUTTLE BUS,0.0,1,1
bus,2026,SHUTTLE BUS LINE 2,0.0,1,1
bus,2026,SHUTTLE BUS-504,0.0,1,1
bus,2026,SIGNALS FLEET VEHICLE,0.0,1,1
bus,2026,SRT,0.0,5,5
bus,2026,ST. CLAIR,6.0,1,0
bus,2026,TBM,0.0,4,4
bus,2026,TBM OPERATOR KAUDA,0.0,1,1
bus,2026,TRAINING BUS,0.0,5,5
bus,2026,TRANSIT CONTROL BUS OP,0.0,1,1
bus,2026,TRANSIT CONTROL CENTRE,0.0,1,1
bus,2026,TRANSIT SPECIAL CONSTA,0.0,1,1
bus,2026,TTC SPECIAL EVENTS BUS,0.0,1,1
bus,2026,VARIOUS ROUTE(S),0.0,1,1
bus,2026,WHEEL-TRANS,0.0,1,1
bus,2026,YU,7.0,11,10
streetcar,2014,111,1.0,1,0
streetcar,2014,17,3.0,1,0
streetcar,2014,18,7.0,1,0
streetcar,2014,2,1.0,1,0
streetcar,2014,20,7.0,1,0
streetcar,2014,201,2.0,1,0
streetcar,2014,204,8.0,1,0
streetcar,2014,210,6.0,1,0
streetcar,2014,23,5.0,1,0
streetcar,2014,25,40.0,2,0
streetcar,2014,301,3156.0,114,2
streetcar,2014,306,1286.0,55,1
streetcar,2014,35,10.0,3,0
streetcar,2014,4,37.0,4,0
streetcar,2014,401,19.0,2,0
streetcar,2014,405,10.0,1,0
streetcar,2014,5,94.0,9,0
streetcar,2014,50,188.0,16,0
streetcar,2014,501,33907.0,2572,26
streetcar,2014,502,4592.0,246,0
streetcar,2014,503,1616.0,95,0
streetcar,2014,504,22849.0,1945,15
streetcar,2014,505,19160.0,1273,2
streetcar,2014,506,21105.0,1495,18
streetcar,2014,508,2165.0,107,6
streetcar,2014,509,5000.0,725,19
streetcar,2014,51,15.0,2,0
streetcar,2014,510,8097.0,819,12
streetcar,2014,511,7513.0,681,10
streetcar,2014,512,9076.0,816,21
streetcar,2014,57,8.0,1,0
streetcar,2014,62,2.0,1,0
streetcar,2014,63,0.0,1,1
streetcar,2014,65,2.0,1,0
streetcar,2014,68,24.0,1,0
streetcar,2014,8,4.0,1,0
streetcar,2014,805,9.0,6,4
streetcar,2014,9,7.0,1,0
streetcar,2014,905,81.0,2,1
streetcar,2015,1,6.0,1,0
streetcar,2015,10,2.0,1,0
streetcar,2015,11,6.0,1,0
streetcar,2015,12,3.0,1,0
streetcar,2015,13,27.0,1,0
streetcar,2015,16,10.0,2,0
streetcar,2015,205,6.0,1,0
streetcar,2015,21,5.0,1,0
streetcar,2015,24,3.0,1,0
streetcar,2015,3,41.0,3,0
streetcar,2015,301,3226.0,130,3
streetcar,2015,304,438.0,13,0
streetcar,2015,306,1555.0,60,0
streetcar,2015,317,44.0,2,0
streetcar,2015,33,16.0,3,0
streetcar,2015,35,0.0,1,1
streetcar,2015,37,4.0,1,0
streetcar,2015,375,4.0,1,0
streetcar,2015,40,38.0,1,0
streetcar,2015,41,5.0,1,0
streetcar,2015,45,10.0,1,0
streetcar,2015,49,11.0,2,0
streetcar,2015,5,89.0,5,0
streetcar,2015,50,114.0,10,1
streetcar,2015,501,41573.0,2795,17
streetcar,2015,502,6628.0,369,30
streetcar,2015,503,4443.0,271,26
streetcar,2015,504,24290.0,2322,29
streetcar,2015,505,16759.0,1194,11
streetcar,2015,506,23525.0,1708,23
streetcar,2015,508,465.0,30,1
streetcar,2015,509,4854.0,454,13
streetcar,2015,51,241.0,11,0
streetcar,2015,510,8117.0,914,23
streetcar,2015,511,10065.0,842,8
streetcar,2015,512,9651.0,987,95
streetcar,2015,536,3.0,5,4
streetcar,2015,550,5.0,1,0
streetcar,2015,7,33.0,1,0
streetcar,2015,8,24.0,2,0
streetcar,2015,804,5.0,1,0
streetcar,2015,805,424.0,33,2
streetcar,2015,807,26.0,6,0
streetcar,2015,9,14.0,2,0
streetcar,2015,93,5.0,1,0
streetcar,2016,1,1.0,1,0
streetcar,2016,12,20.0,1,0
streetcar,2016,14,70.0,1,0
streetcar,2016,15,5.0,1,0
streetcar,2016,16,11.0,2,0
streetcar,2016,18,5.0,1,0
streetcar,2016,19,5.0,1,0
streetcar,2016,2,6.0,1,0
streetcar,2016,20,6.0,2,0
streetcar,2016,201,92.0,4,0
streetcar,2016,22,0.0,1,1
streetcar,2016,23,10.0,1,0
streetcar,2016,25,22.0,2,0
streetcar,2016,3,26.0,3,1
streetcar,2016,301,2693.0,113,2
streetcar,2016,304,1069.0,31,1
streetcar,2016,306,1113.0,48,0
streetcar,2016,317,651.0,20,3
streetcar,2016,40,20.0,1,0
streetcar,2016,41,5.0,1,0
streetcar,2016,43,4.0,1,0
streetcar,2016,5,8.0,1,0
streetcar,2016,50,103.0,8,0
streetcar,2016,501,46988.0,3715,43
streetcar,2016,502,3828.0,266,2
streetcar,2016,503,2102.0,159,6
streetcar,2016,504,30938.0,2880,72
streetcar,2016,505,17867.0,1479,17
streetcar,2016,506,18610.0,1595,18
streetcar,2016,509,4601.0,455,14
streetcar,2016,51,22.0,3,0
streetcar,2016,510,9205.0,979,41
streetcar,2016,511,6359.0,571,12
streetcar,2016,512,9882.0,1160,22
streetcar,2016,514,7046.0,404,11
streetcar,2016,519,6.0,1,0
streetcar,2016,535,46.0,29,0
streetcar,2016,55,6.0,1,0
streetcar,2016,550,8.0,1,0
streetcar,2016,56,22.0,1,0
streetcar,2016,6,4.0,1,0
streetcar,2016,62,20.0,1,0
streetcar,2016,7,39.0,2,0
streetcar,2016,8,9.0,2,0
streetcar,2016,805,185.0,22,3
streetcar,2016,807,43.0,7,0
streetcar,2016,81,10.0,1,0
streetcar,2016,83,21.0,1,0
streetcar,2016,830,0.0,1,1
streetcar,2016,9,4.0,1,0
streetcar,2017,1,9.0,4,0
streetcar,2017,12,13.0,1,0
streetcar,2017,15,5.0,1,0
streetcar,2017,16,6.0,1,0
streetcar,2017,17,10.0,1,0
streetcar,2017,22,5.0,1,0
streetcar,2017,25,9.0,1,0
streetcar,2017,26,32.0,2,0
streetcar,2017,29,0.0,1,1
streetcar,2017,30,5.0,1,0
streetcar,2017,301,2415.0,141,1
streetcar,2017,304,1090.0,34,2
streetcar,2017,306,960.0,43,1
streetcar,2017,310,146.0,9,1
streetcar,2017,317,446.0,15,0
streetcar,2017,37,7.0,1,0
streetcar,2017,4,9.0,2,0
streetcar,2017,401,6.0,1,0
streetcar,2017,5,13.0,2,0
streetcar,2017,50,32.0,5,0
streetcar,2017,501,35335.0,3774,26
streetcar,2017,502,2704.0,258,2
streetcar,2017,503,1401.0,110,6
streetcar,2017,504,29529.0,2439,33
streetcar,2017,505,20247.0,1475,16
streetcar,2017,506,22301.0,1926,26
streetcar,2017,509,4932.0,360,10
streetcar,2017,51,4.0,1,0
streetcar,2017,510,8442.0,772,38
streetcar,2017,511,5826.0,656,4
streetcar,2017,512,9640.0,1025,22
streetcar,2017,514,10635.0,581,21
streetcar,2017,516,6.0,1,0
streetcar,2017,535,15.0,12,3
streetcar,2017,54,79.0,2,0
streetcar,2017,55,6.0,1,0
streetcar,2017,591,6.0,1,0
streetcar,2017,595,6.0,1,0
streetcar,2017,596,6.0,1,0
streetcar,2017,6,12.0,1,0
streetcar,2017,61,6.0,1,0
streetcar,2017,64,8.0,1,0
streetcar,2017,7,1.0,1,0
streetcar,2017,705,135.0,20,3
streetcar,2017,8,0.0,1,1
streetcar,2017,80,8.0,1,0
streetcar,2017,805,523.0,43,7
streetcar,2017,807,12.0,3,0
streetcar,2017,87,8.0,2,0
streetcar,2018,1,14.0,9,3
streetcar,2018,10,5.0,1,0
streetcar,2018,11,47.0,7,0
streetcar,2018,14,18.0,2,0
streetcar,2018,17,12.0,1,0
streetcar,2018,18,5.0,1,0
streetcar,2018,2,5.0,1,0
streetcar,2018,201,15.0,2,0
streetcar,2018,24,8.0,1,0
streetcar,2018,28,8.0,1,0
streetcar,2018,29,15.0,1,0
streetcar,2018,3,28.0,2,0
streetcar,2018,30,20.0,1,0
streetcar,2018,301,4214.0,217,2
streetcar,2018,304,1970.0,68,0
streetcar,2018,306,1572.0,85,2
streetcar,2018,31,12.0,1,0
streetcar,2018,310,673.0,22,1
streetcar,2018,4,7.0,2,0
streetcar,2018,403,12.0,1,0
streetcar,2018,43,8.0,1,0
streetcar,2018,5,12.0,3,0
streetcar,2018,50,49.0,5,0
streetcar,2018,501,40733.0,3797,23
streetcar,2018,502,3658.0,322,4
streetcar,2018,503,4401.0,256,3
streetcar,2018,504,32227.0,3212,26
streetcar,2018,505,13504.0,1753,4
streetcar,2018,506,18478.0,2190,21
streetcar,2018,509,4386.0,390,7
streetcar,2018,51,34.0,3,0
streetcar,2018,510,9073.0,827,4
streetcar,2018,511,7289.0,666,7
streetcar,2018,512,12383.0,1135,43
streetcar,2018,514,7393.0,504,1
streetcar,2018,516,5.0,1,0
streetcar,2018,53,45.0,1,0
streetcar,2018,55,4.0,1,0
streetcar,2018,56,31.0,1,0
streetcar,2018,591,15.0,2,0
streetcar,2018,594,6.0,1,0
streetcar,2018,60,10.0,1,0
streetcar,2018,62,4.0,1,0
streetcar,2018,65,20.0,2,0
streetcar,2018,705,202.0,34,7
streetcar,2018,8,5.0,1,0
streetcar,2018,805,333.0,36,3
streetcar,2018,807,23.0,4,0
streetcar,2018,83,8.0,1,0
streetcar,2018,85,6.0,1,0
streetcar,2018,86,10.0,1,0
streetcar,2019,1,39.0,8,0
streetcar,2019,111,22.0,2,0
streetcar,2019,122,30.0,1,0
streetcar,2019,15,10.0,1,0
streetcar,2019,16,7.0,1,0
streetcar,2019,165,8.0,1,0
streetcar,2019,17,10.0,1,0
streetcar,2019,2,27.0,2,0
streetcar,2019,201,15.0,1,0
streetcar,2019,21,8.0,1,0
streetcar,2019,210,10.0,1,0
streetcar,2019,22,22.0,1,0
streetcar,2019,26,44.0,2,0
streetcar,2019,28,18.0,1,0
streetcar,2019,29,9.0,1,0
streetcar,2019,300,10.0,1,0
streetcar,2019,301,4286.0,205,1
streetcar,2019,304,2096.0,92,2
streetcar,2019,306,1785.0,96,0
streetcar,2019,307,1.0,1,0
streetcar,2019,310,623.0,25,1
streetcar,2019,32,16.0,3,0
streetcar,2019,35,7.0,1,0
streetcar,2019,4,19.0,2,0
streetcar,2019,42,6.0,1,0
streetcar,2019,451,6.0,1,0
streetcar,2019,50,59.0,4,0
streetcar,2019,501,33454.0,2569,31
streetcar,2019,502,1588.0,121,1
streetcar,2019,503,1970.0,169,3
streetcar,2019,504,27124.0,2036,65
streetcar,2019,505,13617.0,1669,4
streetcar,2019,506,24846.0,1813,18
streetcar,2019,508,589.0,17,0
streetcar,2019,509,4663.0,311,8
streetcar,2019,51,14.0,3,0
streetcar,2019,510,9882.0,770,17
streetcar,2019,511,7649.0,772,11
streetcar,2019,512,10566.0,864,55
streetcar,2019,513,1.0,1,0
streetcar,2019,514,7.0,1,0
streetcar,2019,52,1.0,1,0
streetcar,2019,53,73.0,1,0
streetcar,2019,56,38.0,3,0
streetcar,2019,6,5.0,2,1
streetcar,2019,600,55.0,3,0
streetcar,2019,605,13.0,2,0
streetcar,2019,63,18.0,2,0
streetcar,2019,7,6.0,1,0
streetcar,2019,701,3.0,1,0
streetcar,2019,705,3210.0,207,11
streetcar,2019,715,17.0,5,0
streetcar,2019,805,271.0,35,1
streetcar,2019,89,20.0,1,0
streetcar,2019,9,8.0,1,0
streetcar,2019,91,11.0,1,0
streetcar,2020,,134.0,35,30
streetcar,2020,1,1.0,1,0
streetcar,2020,10,1.0,1,0
streetcar,2020,105,16.0,1,0
streetcar,2020,11,10.0,2,0
streetcar,2020,12,0.0,1,1
streetcar,2020,130,16.0,1,0
streetcar,2020,150,23.0,1,0
streetcar,2020,185,4.0,1,0
streetcar,2020,19,10.0,1,0
streetcar,2020,24,5.0,1,0
streetcar,2020,301,3000.0,209,15
streetcar,2020,304,759.0,47,4
streetcar,2020,306,1019.0,57,7
streetcar,2020,310,679.0,32,10
streetcar,2020,32,5.0,1,0
streetcar,2020,320,0.0,1,1
streetcar,2020,41,15.0,1,0
streetcar,2020,501,23608.0,1539,43
streetcar,2020,503,2288.0,151,7
streetcar,2020,504,15588.0,1141,39
streetcar,2020,505,14854.0,1083,65
streetcar,2020,506,12481.0,1151,34
streetcar,2020,508,206.0,24,2
streetcar,2020,509,2648.0,240,3
streetcar,2020,51,18.0,1,0
streetcar,2020,510,8700.0,876,19
streetcar,2020,511,5871.0,690,21
streetcar,2020,512,7501.0,427,15
streetcar,2020,52,35.0,2,0
streetcar,2020,54,11.0,2,0
streetcar,2020,550,9.0,1,0
streetcar,2020,555,40.0,20,19
streetcar,2020,600,27.0,6,1
streetcar,2020,705,123.0,20,3
streetcar,2020,72,9.0,1,0
streetcar,2020,76,5.0,1,0
streetcar,2020,8,32.0,1,0
streetcar,2020,805,60.0,8,0
streetcar,2020,85,7.0,1,0
streetcar,2020,96,10.0,1,0
streetcar,2020,RAD,29.0,5,2
streetcar,2021,,368.0,91,73
streetcar,2021,301,2674.0,116,14
streetcar,2021,304,1163.0,40,2
streetcar,2021,306,1412.0,53,11
streetcar,2021,310,280.0,20,3
streetcar,2021,312,107.0,2,0
streetcar,2021,501,47172.0,4466,167
streetcar,2021,503,4991.0,333,13
streetcar,2021,504,26083.0,2769,64
streetcar,2021,505,19919.0,1472,93
streetcar,2021,506,27967.0,2087,82
streetcar,2021,509,5193.0,434,22
streetcar,2021,510,13009.0,1232,76
streetcar,2021,511,7608.0,606,47
streetcar,2021,512,8445.0,742,35
streetcar,2021,555,40.0,33,32
streetcar,2021,600,24.0,9,5
streetcar,2021,615,8.0,1,0
streetcar,2021,70,11.0,1,0
streetcar,2021,705,74.0,4,1
streetcar,2021,707,0.0,1,1
streetcar,2021,RAD,86.0,11,6
streetcar,2021,TEST CAR,0.0,1,1
streetcar,2022,,300.0,43,26
streetcar,2022,(RAD,0.0,1,1
streetcar,2022,300,36.0,1,0
streetcar,2022,301,2564.0,128,20
streetcar,2022,304,1698.0,67,6
streetcar,2022,306,2333.0,89,11
streetcar,2022,310,1000.0,35,6
streetcar,2022,41,12.0,1,0
streetcar,2022,47,9.0,1,0
streetcar,2022,501,58447.0,4620,150
streetcar,2022,5014,0.0,1,1
streetcar,2022,503,8561.0,524,18
streetcar,2022,504,40173.0,3710,165
streetcar,2022,505,32246.0,2193,146
streetcar,2022,506,32047.0,2165,127
streetcar,2022,508,22.0,3,0
streetcar,2022,509,8277.0,617,25
streetcar,2022,510,18028.0,1466,82
streetcar,2022,511,11762.0,819,45
streetcar,2022,512,12324.0,1061,35
streetcar,2022,54,25.0,2,0
streetcar,2022,555,10.0,13,12
streetcar,2022,600,47.0,5,2
streetcar,2022,705,0.0,2,2
streetcar,2022,88,15.0,1,0
streetcar,2022,960,7.0,1,0
streetcar,2022,OTC,41.0,4,2
streetcar,2022,RAD,92.0,11,6
streetcar,2023,,463.0,128,100
streetcar,2023,202,20.0,1,0
streetcar,2023,301,3055.0,131,30
streetcar,2023,304,840.0,35,7
streetcar,2023,306,3136.0,68,14
streetcar,2023,310,590.0,36,10
streetcar,2023,312,30.0,1,0
streetcar,2023,37,11.0,1,0
streetcar,2023,501,48185.0,3756,459
streetcar,2023,502,20.0,2,0
streetcar,2023,503,8587.0,539,56
streetcar,2023,504,32572.0,2333,292
streetcar,2023,505,30141.0,1832,242
streetcar,2023,506,28700.0,1839,191
streetcar,2023,507,993.0,46,4
streetcar,2023,508,329.0,12,2
streetcar,2023,509,5612.0,425,73
streetcar,2023,510,17983.0,1403,156
streetcar,2023,5101,7.0,1,0
streetcar,2023,511,8141.0,575,64
streetcar,2023,512,10561.0,1028,101
streetcar,2023,513,342.0,25,0
streetcar,2023,5204,7.0,1,0
streetcar,2023,525,10.0,1,0
streetcar,2023,540,6.0,1,0
streetcar,2023,555,146.0,25,19
streetcar,2023,600,397.0,65,37
streetcar,2023,705,26.0,3,2
streetcar,2023,899,0.0,1,1
streetcar,2023,OTC,15.0,3,2
streetcar,2023,RAD,247.0,22,15
streetcar,2023,RAD 506,82.0,1,0
streetcar,2023,RUN,0.0,1,1
streetcar,2023,STORM,37.0,1,0
streetcar,2023,TEST,0.0,1,1
streetcar,2024,,307.0,156,138
streetcar,2024,133,15.0,1,0
streetcar,2024,300,0.0,1,1
streetcar,2024,301,3159.0,151,39
streetcar,2024,303,580.0,12,2
streetcar,2024,304,722.0,41,14
streetcar,2024,305,310.0,14,1
streetcar,2024,306,1694.0,87,28
streetcar,2024,310,377.0,21,4
streetcar,2024,312,77.0,4,0
streetcar,2024,44,9.0,1,0
streetcar,2024,45,10.0,1,0
streetcar,2024,47,20.0,1,0
streetcar,2024,5004,10.0,1,0
streetcar,2024,501,42613.0,2767,333
streetcar,2024,5014,10.0,1,0
streetcar,2024,503,18031.0,953,139
streetcar,2024,504,33829.0,2194,338
streetcar,2024,505,27839.0,1823,332
streetcar,2024,506,24027.0,1468,262
streetcar,2024,5063,10.0,1,0
streetcar,2024,507,8638.0,450,47
streetcar,2024,508,2741.0,100,7
streetcar,2024,509,6090.0,579,211
streetcar,2024,510,15822.0,1537,266
streetcar,2024,5101,9.0,1,0
streetcar,2024,511,9064.0,552,104
streetcar,2024,512,12418.0,1142,112
streetcar,2024,514,33.0,2,0
streetcar,2024,555,7.0,9,8
streetcar,2024,600,397.0,39,24
streetcar,2024,700,0.0,1,1
streetcar,2024,801,9.0,1,0
streetcar,2024,899,0.0,2,2
streetcar,2024,BD,23.0,1,0
streetcar,2024,LINE 1,0.0,1,1
streetcar,2024,OTC,0.0,3,3
streetcar,2024,RAD,98.0,6,2
streetcar,2024,RAD 600,0.0,1,1
streetcar,2024,YU,0.0,1,1
streetcar,2025,,480.0,195,169
streetcar,2025,129,10.0,1,0
streetcar,2025,131,9.0,1,0
streetcar,2025,26,21.0,1,0
streetcar,2025,301,2862.0,129,44
streetcar,2025,303,1501.0,44,9
streetcar,2025,304,1916.0,68,16
streetcar,2025,305,1734.0,93,31
streetcar,2025,306,1688.0,87,23
streetcar,2025,310,647.0,30,4
streetcar,2025,312,454.0,13,1
streetcar,2025,39 FINCH EAST,0.0,1,1
streetcar,2025,4404,0.0,1,1
streetcar,2025,500,31.0,1,0
streetcar,2025,5003,12.0,1,0
streetcar,2025,501,39759.0,2262,418
streetcar,2025,502,5.0,1,0
streetcar,2025,503,20834.0,1260,223
streetcar,2025,504,42686.0,2569,496
streetcar,2025,504A,22.0,2,1
streetcar,2025,504B,38.0,2,0
streetcar,2025,504C,10.0,1,0
streetcar,2025,504D,0.0,2,2
streetcar,2025,505,32446.0,1878,450
streetcar,2025,506,31517.0,1774,379
streetcar,2025,506RAD,0.0,1,1
streetcar,2025,507,8064.0,454,72
streetcar,2025,508,1979.0,64,11
streetcar,2025,509,5660.0,395,93
streetcar,2025,510,11751.0,1154,281
streetcar,2025,511,9286.0,585,117
streetcar,2025,512,15967.0,1149,222
streetcar,2025,514,5.0,1,0
streetcar,2025,555,201.0,10,7
streetcar,2025,600,84.0,31,23
streetcar,2025,"600RAD, 504",0.0,1,1
streetcar,2025,69,25.0,1,0
streetcar,2025,7 BATHURST,0.0,1,1
streetcar,2025,705,34.0,27,20
streetcar,2025,899,0.0,1,1
streetcar,2025,900,0.0,1,1
streetcar,2025,929,8.0,1,0
streetcar,2025,96 WILSON,30.0,1,0
streetcar,2025,999,0.0,1,1
streetcar,2025,A410,0.0,1,1
streetcar,2025,BD,25.0,2,1
streetcar,2025,CARHOUSE,0.0,1,1
streetcar,2025,CHO,0.0,1,1
streetcar,2025,CNE EXTRA,6.0,2,1
streetcar,2025,EXTRA,0.0,1,1
streetcar,2025,EXTRA CAR,0.0,1,1
streetcar,2025,FLEET VEHICLE - A,0.0,1,1
streetcar,2025,OTC,127.0,3,2
streetcar,2025,OTC CAR,0.0,1,1
streetcar,2025,RAD,99.0,11,7
streetcar,2025,RAD - 506 CARLTON,0.0,1,1
streetcar,2025,RAD 600,10.0,1,0
streetcar,2025,RUN IN,0.0,1,1
streetcar,2025,S,0.0,1,1
streetcar,2025,STORM CAR - 505,0.0,1,1
streetcar,2025,TEST CAR,0.0,1,1
streetcar,2025,TRACK 11,0.0,1,1
streetcar,2025,TRACK 2 - SWITCH 130,0.0,1,1
streetcar,2025,TRACK 7E,0.0,1,1
streetcar,2025,TRAINING VEHICLE,0.0,1,1
streetcar,2025,YU,0.0,1,1
streetcar,2026,,181.0,155,148
streetcar,2026,114,15.0,1,0
streetcar,2026,25,20.0,1,0
streetcar,2026,301,2631.0,137,47
streetcar,2026,304,1374.0,82,22
streetcar,2026,305,1220.0,80,33
streetcar,2026,306,1993.0,87,25
streetcar,2026,309,140.0,2,0
streetcar,2026,310,631.0,29,4
streetcar,2026,311,158.0,4,1
streetcar,2026,312,1157.0,17,5
streetcar,2026,335,20.0,1,0
streetcar,2026,500,0.0,2,2
streetcar,2026,501,29159.0,1725,322
streetcar,2026,503,6859.0,552,40
streetcar,2026,504,23471.0,1526,342
streetcar,2026,5047,10.0,1,0
streetcar,2026,504A,43.0,2,0
streetcar,2026,504B,19.0,4,2
streetcar,2026,504D,72.0,1,0
streetcar,2026,505,22564.0,1349,291
streetcar,2026,506,22169.0,1180,228
streetcar,2026,507,5195.0,354,63
streetcar,2026,508,991.0,40,6
streetcar,2026,509,4077.0,221,53
streetcar,2026,510,7680.0,612,122
streetcar,2026,511,7189.0,456,108
streetcar,2026,5111,6.0,1,0
streetcar,2026,512,6521.0,478,102
streetcar,2026,54,10.0,1,0
streetcar,2026,555,8.0,4,3
streetcar,2026,600,192.0,28,20
streetcar,2026,600RAD,0.0,1,1
streetcar,2026,705,49.0,5,4
streetcar,2026,706,0.0,1,1
streetcar,2026,72652,12.0,1,0
streetcar,2026,75 SHERBOURNE,20.0,1,0
streetcar,2026,831,0.0,1,1
streetcar,2026,899,0.0,1,1
streetcar,2026,939,15.0,1,0
streetcar,2026,BD,0.0,1,1
streetcar,2026,CSR B#T010165,0.0,1,1
streetcar,2026,EXHIBITION LOOP,0.0,1,1
streetcar,2026,FLEET TRUCK,0.0,1,1
streetcar,2026,OTC,0.0,1,1
streetcar,2026,OTC - 501 QUEEN,140.0,1,0
streetcar,2026,OTC CAR,0.0,1,1
streetcar,2026,OVERHEAD,0.0,1,1
streetcar,2026,RAD,10.0,9,8
streetcar,2026,RAD (510 SPADINA),0.0,1,1
streetcar,2026,RAD - #507,0.0,1,1
streetcar,2026,RAD - 504 KING,0.0,1,1
streetcar,2026,RAD CAR - DOING #501,0.0,1,1
streetcar,2026,RAD CAR ON #501,0.0,1,1
streetcar,2026,RUN IN CAR,0.0,1,1
streetcar,2026,STORM CAR,0.0,2,2
streetcar,2026,STORM STREETCAR,0.0,1,1
streetcar,2026,YU,0.0,1,1
